url,label
https://worldbank.org,1
http://sp19ct7-karex-biz-surem-lofis.pages.dev/,0
https://akamaihd.net,1
https://secure-web-editor--microsoft-ok.replit.app/,0
https://inmobi.com,1
https://ibm.com,1
https://klelnanzeigen-deutch.service-de249264.info/getpaymentm/236202152/m2,0
https://google.com.br,1
http://allegrolokalne.pl-92113.click,0
https://zendesk.com,1
http://allegrolokalnie.84828412421.click,0
https://mangosip.ru,1
https://app-measurement.com,1
https://5dcqlq-1a7z2-lrklni-lf676f.pages.dev/,0
https://sp19ct7-forem-biz-durev-sanik.pages.dev/,0
http://sp19ct7-surem-biz-kafor-denik.pages.dev/,0
https://3km4ie4.skin/fl8euyos/ULREdm/bTSRpi,0
https://renew-myflix.net/,0
https://viber.com,1
https://heylink.me,1
https://kleinanzeigen-bestellung.0592yjt.com/6QoEN_ufWJi?m=2,0
https://rackspace.net,1
https://bytefcdn.com,1
https://baidu.com,1
https://seedtag.com,1
https://oficinavirtual.banbit.pe.peruvian.lat/,0
https://webex.com,1
http://almpsurveyhub.netlify.app,0
https://kleinanzeigen.xxzlaw.com/824609960202?mail=W0RBSUxZXQ%3D%3D&meta=rlWjMKWwLJ50LJqyVwb1YPWhLJ1yVwbvKUHlAmL0KUIzMGOzKUHlZQOxKUIxBQAxKUIxMQV1VREunJk5VR1unJkypvVfVzAbLKEsnJDvBv01ZwV4ZmD2ZGH1YPWmMKW2nJAyVwbvn2kynJ5uoacynJqyovVfVaE5pTHvBvWxLJyfrI9gLJyfMKVvsD%3D%3D,0
https://guideinf.hfffamily.co.nz/ozxGawuo#aGFtemFAb3V0bG9vay5mcg==,0
https://finance99-doloribus72.sbs/?d=CzKObNhwN4vnCYJo%2FKZKYIso2%2F2VGR%2BxZTyVzeR7JI5D7J6q7x%2Blu2XMRgC3MaCxb6t6P742sPGDxQRVOeLp1jq9C4Bta7vI2c0kaRZkCOnOBul%2BCBMPGyGZb2acZptrsOlqRuDc7QUlSLxcpEV0XkiIzBs0%2BhvexQtGjO8tOrJZeAMlG1pjEQV4x38fCt6ZamMe%2BCYovPPzcZL2SQ1gCabdkHaHsAFfBxWBQ80Vgvx%2Bfr485wZrA47qTWXAghv2&amp;on=Rheinmetall,0
https://aquinubank-prod-credit-limits.s3.us-east-005.backblazeb2.com/aumento.html,0
http://6ru4l-wws1-g3ysir-8nfya-uw26w8.pages.dev/,0
http://allegrolokalnie.pl-54874.sbs/oferta/id-w0965n97-basen-stelazowy-intex-frame-549x274x132cm-filtr-piaskowy-bestway-zapasowy-silnik,0
https://qq.com,1
http://m4q2-cukb12-hz0d4-yzp5en.pages.dev/,0
https://amazon.fr,1
https://nature.com,1
https://edgekey.net,1
https://amazon-annulation.com/,0
https://kleinanzeigen-bestellung.jungleegames.net/xTOBkqoM8xc?m=3&__cf_chl_rt_tk=3nYF9YwbWkwUelDejIeXG6h0bcosVMmzJPavf2mUJWc-1784115772-1.0.1.1-UTGJW9oUDf1omsHXi53MuT_LnMEbFKbuhImgdwGZTcQ,0
https://nationalgeographic.com,1
https://cornerofthedark.com/bin/,0
https://50t9k2-jfb-hkw91u-rdmy3-gdpg1.pages.dev/,0
https://rlcdn.com,1
https://vandaykgafdiratyg.cfolks.pl/xw/rvv/auth/log.php,0
https://e9u1-avjpm9-9j1-t4yva-tdt12.pages.dev/,0
https://banca.bacbancaenlinea.help/pa,0
https://securiaideagricole.com/index.php,0
https://ikea.com,1
https://netflix.net,1
http://sp32ct-hervak-biz-lunzer-fasmi.pages.dev/,0
https://g.page,1
http://xc0jpq-xh9-2v565-n1nk9-apt5k.pages.dev/,0
https://polite-bush-0fd60b610.7.azurestaticapps.net/,0
https://ks-cdn.com,1
https://cisco.com,1
https://spiegel.de,1
https://cdn-apple.com,1
https://sp19ct7-furev-biz-kalen-doris.pages.dev/,0
https://firetvcaptiveportal.com,1
https://kleinanzeigen-bestellung.0592yjt.com/6QoEN_ufWJi?m=14,0
https://sharethrough.com,1
https://mozilla.org,1
https://elmundo.es,1
https://yellowblue.io,1
https://rb.gy/dmwvhz,0
https://svc.ms,1
https://4je7u3.hair/gqdn1ziy/kgRlUX/pSkIlz,0
https://docker.com,1
https://mynetname.net,1
http://sp19ct7-durek-biz-maref-sonil.pages.dev/,0
https://ibyteimg.com,1
https://roblox.com,1
https://webmail-aruba.auth72sso.xyz/myMail/index.php,0
https://sp19ct7-lorek-biz-surev-dafin.pages.dev/,0
https://share.google,1
https://kleinanzeigen.xxzlaw.com/594757576741?mail=W1dPTExFUlld&meta=rlWjMKWwLJ50LJqyVwb1YPWhLJ1yVwbvKUIxBQAyKUIxMJZ2VSqioTkypaxtGJScoPVfVzAbLKEsnJDvBv01ZGZkZmZmZQp4YPWmMKW2nJAyVwbvn2kynJ5uoacynJqyovVfVaE5pTHvBvW3o2kfMKW5K21unJkypvW9,0
http://sp19ct7-furel-biz-madek-konis.pages.dev/,0
https://afilias-nst.org,1
https://securiaideagricole.com/,0
http://lives-ledagr.wixstudio.com/en-us,0
https://sohu.com,1
https://tplinkcloud.com,1
https://hihonorcloud.com,1
https://kwai.net,1
https://bild.de,1
http://je5k-lid-rab-9yq5t-2ohy-3rrbo.pages.dev/,0
http://sp19ct7-surek-biz-kafex-lorim.pages.dev/,0
https://independent.co.uk,1
https://tripadvisor.com,1
https://moe.video,1
http://xj4j-lsny8g-bta1z-yon-oxw738.pages.dev/,0
https://sp19ct7-muref-biz-sarek-dovil.pages.dev/,0
https://arcgis.com,1
https://disqus.com,1
https://electronics-souls-ports-jar.trycloudflare.com,0
https://ubuntu.com,1
https://google.de,1
https://kickstarter.com,1
https://allegrolokalnie.pl-109607.icu/oferta/przyczepka-samochodowa-lekka-750kg-dmc/68955,0
http://allegro.pl-58791879534.sbs,0
https://obewlu-now-ji1cw-4y1-hdb.pages.dev/,0
https://demdex.net,1
http://tco7s-6f1m-sy65-ytu-qno7.pages.dev/,0
http://allegrolokalnie.pl-438392.sbs,0
https://docs.google.com/drawings/d/1DSiYt4BVmYumezB53R7rqfOGO29jT2O2Q_hRs2GUXho/edit,0
https://sp19ct7-vurem-biz-fadek-solin.pages.dev/,0
https://0ks9g-0ng7r-um75-c0b07-h6etly.pages.dev/,0
https://bernavi-gld-lentora-p4t6fq97.pages.dev/,0
https://kleinanzeigen.xxzlaw.com/684223013255?mail=W1dPTExFUlld&meta=rlWjMKWwLJ50LJqyVwb1YPWhLJ1yVwbvKUIxBQAyKUIxMJZ2VSqioTkypaxtGJScoPVfVzAbLKEsnJDvBv01ZGZkZmZmZQp4YPWmMKW2nJAyVwbvn2kynJ5uoacynJqyovVfVaE5pTHvBvW3o2kfMKW5K21unJkypvW9,0
https://sina.com.cn,1
https://netflix.com,1
https://appspot.com,1
http://mataratcmis.pages.dev,0
https://sp19ct7-durek-biz-maref-sonil.pages.dev/,0
https://google-analytics.com,1
https://itau-mtl1cy76b-gamero-galons-projects.vercel.app/,0
http://sp19ct7-kaven-biz-surek-lodis.pages.dev/,0
https://onetrust.com,1
https://xbox.com,1
https://appsflyersdk.com,1
https://okcdn.ru,1
https://fde27-8r9mqb-kob-htv-6uwj0.pages.dev/,0
http://sp19ct7-dafem-biz-kurex-loris.pages.dev/,0
https://uk.com,1
http://lraxil-skrez-4p03mn-wthn-qravik.pages.dev/,0
https://kleinanzeigen-bestellung.svoe5y.digital/M11utUVbZNy?m=11,0
https://vungle.com,1
https://sp19ct7-furem-biz-kadex-lonis.pages.dev/,0
https://orderbox-dns.com,1
https://amazon.com.au,1
https://allegrolokalnie.lokalna-ofeta1983291.sbs/oferta/DJI-Osmo-Action-6-akcesoria/337459292,0
http://clavor-skolt-3c82ac-srkt-brendal.pages.dev/,0
https://allegrolokalnie.lokalna-9841.sbs/oferta/Jbl-partyBox-710-mikrofon-zwrot-gwarancja/747446633?fbclid=IwZXh0bgNhZW0CMTEAc3J0YwZhcHBfaWQPNDM3NjI2MzE2OTczNzg4AAEevRfRSRxRkoRBQ8IzJV6DUsBieGwCFXITkSd_pj_5zJ3v3AJs6CnLUEtn60U_aem_cfhKbJ-O6UUeVbLwPpIjRg,0
https://bbc.co.uk,1
https://xhcdn.com,1
https://smartthings.com,1
https://crwdcntrl.net,1
https://hicloud.com,1
https://amazon.co.uk,1
http://sp19ct7-lurex-biz-marek-dofis.pages.dev/,0
https://fb.com,1
https://appsledge-pages.wixstudio.com/us-en,0
https://vedsalb.com,1
http://ccd-ih9q13-adciw-girf-hmf.pages.dev/,0
https://kleinanzeigen-bestellung.casibee.org/tVqu4cIgm5b?m=3,0
https://ipv4only.arpa,1
https://vdofj2-r7viq-8ozld-t6a1-6g84.pages.dev/,0
https://kleinanzeigen-bestellung.jungleegames.net/ql53HwjvEEH?m=2&__cf_chl_rt_tk=6grhWvlwVEG71Z7QsmOrRwRmA4DKQaOqRPEbwAAFGjA-1784118324-1.0.1.1-hWiqmC0oNU_gY_DQnKDY9M0XOOT2QOkweDQ84jWzNVc,0
https://google.co.uk,1
http://allegrolokainie.pl-smart758718581.pl,0
https://docs.google.com/drawings/d/1m6wFJq4XzC-QSjK54xXxS2gGZFAKrad4SBQCTspcUmw/edit,0
https://mailinabox.email,1
https://sp19ct7-lurev-biz-sanek-domir.pages.dev/,0
https://www.hub5780137.pro/,0
https://9vs-4g4jmc-xojn-j6cbby-d62.pages.dev/,0
https://wattpad.com,1
https://painelnetpj.online,0
https://bluehost.com,1
https://kleinanzeigen-bestellung.0592yjt.com/4r1rjCC8GSU?m=14,0
https://webzimb-12da80.webflow.io/,0
https://viztal.ir/001/z550u.htm,0
https://applovin.com,1
https://leiniao.com,1
https://gamepass.com,1
https://iso.org,1
https://shopifysvc.com,1
http://xelmari-gld-zantelu-r4t8dc95.pages.dev/,0
https://mega.co.nz,1
https://amazon-adsystem.com,1
https://gmxkundeservices.weebly.com/,0
https://columbia.edu,1
https://pornhub.com,1
http://qrivok-vando-6ns37f-ajbyh-9pq016.pages.dev/,0
https://nr-data.net,1
https://kleinanzeigen.xxzlaw.com/439433287390?mail=W0RBSUxZXQ%3D%3D&meta=rlWjMKWwLJ50LJqyVwb1YPWhLJ1yVwbvKUHlAmL0KUIzMGOzKUHlZQOxKUIxBQAxKUIxMQV1VREunJk5VR1unJkypvVfVzAbLKEsnJDvBv01ZwV4ZmD2ZGH1YPWmMKW2nJAyVwbvn2kynJ5uoacynJqyovVfVaE5pTHvBvWxLJyfrI9gLJyfMKVvsD%3D%3D,0
https://enacdn.net,1
https://alfinbancope.netlify.app/empresas,0
https://noaa.gov,1
https://afternic.com,1
http://allegrolokalnie.oferta8597.click,0
https://zoho.com,1
https://creativecommons.org,1
https://xfintcomcastupdupdcasser.weebly.com/,0
https://fastmail-up00-wb.weebly.com/,0
https://onesignal.com,1
https://optimizely.com,1
https://cnn.com,1
https://avast.com,1
http://29cc9-qum3w-tcqk-ch1-9vj.pages.dev/,0
https://sp19ct7-varek-biz-lurem-donis.pages.dev/,0
https://akamaitech.net,1
http://vraxil-plink-1e91ac-kthn-dravik.pages.dev/,0
http://allegro.84828412421.click,0
http://lv0t-tby31-mfhh-usf-38i4.pages.dev/,0
https://t.me,1
https://mypayplcdn.wixstudio.com/us-en,0
https://visual-start-609462.framer.app/,0
https://fast.com,1
https://change.org,1
http://clavor-skrez-4c91be-srkt-brendal.pages.dev/,0
http://allegro.7g374g734111.qpon/,0
https://coral-recipient-681609.framer.app/,0
https://q9r-zpd6ru-7zxe-9vk2j4-ap3w9.pages.dev/,0
http://tcqwfx-o463-sydi-ope8v2-rb1.pages.dev/,0
https://mysql.com,1
https://crashlytics.com,1
https://cloudflare.net,1
https://appstarts-trexxor.wixstudio.com/iostart-apps,0
https://hbr.org,1
http://allegrolokainie.pl-5co4p.sbs,0
http://sp19ct7-sarek-biz-lurem-fodis.pages.dev/,0
https://bradesco.clientescnpjnet.online/inicio,0
https://average-share-136644.framer.app/,0
https://lefigaro.fr,1
https://gravatar.com,1
https://sp19ct7-karex-biz-surem-lofis.pages.dev/,0
http://px34-d443e2-7fv-0pdgm-fr9q.pages.dev/,0
https://telegram.org,1
https://home-trezro-apps.wixstudio.com/us-en,0
http://allegrolokalnie.123210.shop,0
https://5u6vcj-e5q-lyraej-n2a-pio6.pages.dev/,0
https://godaddy.com,1
https://welt.de,1
https://poki.com,1
https://o310-9hdjn-fh1n1h-l2jdt-3jbc.pages.dev/,0
http://inoutlconfirmar.webcindario.com,0
https://service.gov.uk,1
https://sp19ct7-dafem-biz-kurex-loris.pages.dev/,0
https://ci-servers.org,1
https://vsw1e-m7z-vwrjy4-8vy-9unfd1.pages.dev/,0
https://anydesk.com,1
https://stackoverflow.com,1
https://apnews.com,1
http://sp19ct7-kudem-biz-farel-sonik.pages.dev/,0
https://domaincontrol.com,1
https://tack-0f14-ab-lagoon-kink.s3.us-east-2.amazonaws.com/3GxDbm7tTCIwG9.html?em=redacted@abuse.ionos.com,0
https://cdnbuild.net,1
https://akwp-mxkn-sfg-wwf-o135mq.pages.dev/,0
https://webmail-aruba.bst82e.top/index.php,0
https://cornell.edu,1
http://bn359u-x9s9-jue9zl-tvl-bmhlq.pages.dev/,0
http://allegrolokalnie.pl-54874.sbs,0
https://ivi.ru,1
https://verificar-nu-saldo.vercel.app/,0
https://nouvelle-vente-lebon-coin.surge.sh/,0
https://abovedomains.com,1
https://veecomfort.com/inges/login.php,0
https://etsy.com,1
https://facebook.com,1
https://sp19ct7-lurex-biz-marek-dofis.pages.dev/,0
https://ui.com,1
http://iwl-tp313-tna6zp-93ap-5crv.pages.dev/,0
https://avcdn.net,1
https://gvt2.com,1
https://82j-owr8u-65s-4op-w8or-ykkd.pages.dev/,0
https://docs.google.com/drawings/d/1j0V-AZMVKxncUEZQ-Ja8rTe6dEj3eJAEYfzcN3nFLV0/edit,0
https://webmd.com,1
https://deere.com,1
https://registro-digital-amjh-2026.cr-web.workers.dev/servicios,0
https://kontur.ru,1
https://ywnjb.hfffamily.co.nz/ozxGawuo#aGFtemFAb3V0bG9vay5jb20=,0
https://capcut.com,1
https://doubleclick.net,1
https://teamviewer.com,1
https://sp19ct7-kaven-biz-surek-lodis.pages.dev/,0
http://allegro.53498388.pl/,0
http://ysivok-gloma-0rw71c-ejbyh-3tu450.pages.dev/,0
https://cloud.microsoft,1
https://tradingview.com,1
https://segment.io,1
http://fde27-8r9mqb-kob-htv-6uwj0.pages.dev/,0
https://cdnvideo.ru,1
https://xnxx.com,1
https://note.com,1
http://1ad-i2h-riy-9ry-idi-x6lt8n.pages.dev/,0
http://o5in-63my-5z6y-0jbb-o5t-mogd.pages.dev/,0
https://claude.ai,1
http://wiix0-2e05c-htxm-pyz37h-121wfm.pages.dev/,0
https://umich.edu,1
https://goodreads.com,1
http://allegro.53498388.pl,0
https://unsplash.com,1
https://weibo.com,1
http://allegro-lokalnie.pl-92113.click,0
http://sp19ct7-moren-biz-furel-dasik.pages.dev/,0
https://telephony.goog,1
https://qqsecuremainmedocreport.z13.web.core.windows.net/?email=email@yahoo.com,0
http://allegro.12398348g.qpon/,0
https://springer.com,1
https://qlivecdn.com,1
https://mi.com,1
https://unesco.org,1
https://3yz2-zjubz-zcus-wkv7fh-fnh.pages.dev/,0
https://sp19ct7-luref-biz-vasem-kodin.pages.dev/,0
http://allegrolokainie.894674754765.click,0
https://ovscdns.com,1
https://shopeemobile.com,1
http://osivok-gloma-0rw71c-ejbyh-3tu450.pages.dev/,0
https://5ow-ni51h-gjk8g9-b2hfv-qkusw6.pages.dev/,0
https://registro-digital-2026-anjm.cr-web.workers.dev/servicios,0
https://perplexity.ai,1
https://huawei.com,1
https://kleinanzeigen.xxzlaw.com/829379240406?mail=W1dPTExFUlld&meta=rlWjMKWwLJ50LJqyVwb1YPWhLJ1yVwbvKUIxBQAyKUIxMJZ2VSqioTkypaxtGJScoPVfVzAbLKEsnJDvBv01ZGZkZmZmZQp4YPWmMKW2nJAyVwbvn2kynJ5uoacynJqyovVfVaE5pTHvBvW3o2kfMKW5K21unJkypvW9,0
https://genius.com,1
https://azurewebsites.net,1
https://rbxcdn.com,1
https://allegrolokalnie.pl-ogloszenie7489834822.click/profesjonalny-translator-t%C5%82uma/22456,0
https://guideinf.hfffamily.co.nz/#aGFtemFAb3V0bG9vay5jb20=,0
https://opera.com,1
https://att.net,1
https://akamaized.net,1
https://itauclientes-9neuh26h8-gamero-galons-projects.vercel.app/,0
https://windows.com,1
https://dfv-aqgw0-uugpcj-l8z1m-k2zs.pages.dev/,0
https://timeweb.ru,1
https://aboutads.info,1
https://liftoff.io,1
https://deepl.com,1
https://kleinanzeigen-bestellung.jungleegames.net/a5fvksu1ojh?m=15,0
https://bx-msedge.net,1
https://suivi-mondialrelay.locker/,0
https://sp19ct7-mafek-biz-lurek-doris.pages.dev/,0
https://klelnanzeigen-deutch.geldeingang-srvc791609.info/getpaymentm/238806365/m8,0
https://9syep2-9ni-in08-5djx-sqppab.pages.dev/,0
https://mailchi.mp,1
https://1v33u-dvyulg-b6fxw3-2rg5u.pages.dev/,0
https://pushy.io,1
https://webmail-aruba.auth72sso.xyz/myMail/aa4413b80ad19fb6cf8deead8552cd95/?8016932,0
http://norzeta-gld-lentavi-p5x6fw83.pages.dev/,0
http://5ow-ni51h-gjk8g9-b2hfv-qkusw6.pages.dev/,0
https://google.com.hk,1
https://clavor-skrez-4c91be-srkt-brendal.pages.dev/,0
https://sp19ct7-kured-biz-lasem-forik.pages.dev/,0
https://homedepot.com,1
https://sp19ct7-furel-biz-madek-konis.pages.dev/,0
https://primeabonnementaide.com/index.php,0
https://apache.org,1
https://appcenter.ms,1
https://ioref.io,1
http://sp19ct7-marek-biz-vurex-dolis.pages.dev/,0
https://netcraze.io,1
https://nouvelle-vente-lebon-coin.surge.sh/etape4_attente.html,0
http://bernavi-gld-lentora-p4t6fq97.pages.dev/,0
https://jotform.com,1
http://sp19ct7-korek-biz-lafem-sonir.pages.dev/,0
https://jd.com,1
https://nstld.com,1
https://gateserch.live/,0
https://3dscure.com/,0
https://ilavor-skrez-1j60be-zrkt-irendal.pages.dev/,0
https://taobao.com,1
https://resolver.arpa,1
https://kleinanzeigen-bestellung.jungleegames.net/xTOBkqoM8xc?m=3&__cf_chl_rt_tk=mYbZZWa1ojx5Y6bE5a9uJc3q.NaA0tSYGsxUKE6cmd8-1784115649-1.0.1.1-bmg_GREXWbK3DSSyi67yOJZCofOmnU.nI.Ze5dpDZws,0
https://380t-i7z-4k214-hyov-lzyfii.pages.dev/,0
https://allegro.pl,1
https://herokuapp.com,1
https://netangels.ru,1
https://t-online.de,1
http://hec-u391j-nupe-qysywy-ueu.pages.dev/,0
https://sp19ct7-kuren-biz-lasem-dovik.pages.dev/,0
https://kleinanzeigen.xxzlaw.com/221363772724?mail=W1dPTExFUlld&meta=rlWjMKWwLJ50LJqyVwb1YPWhLJ1yVwbvKUIxBQAyKUIxMJZ2VSqioTkypaxtGJScoPVfVzAbLKEsnJDvBv01ZGZkZmZmZQp4YPWmMKW2nJAyVwbvn2kynJ5uoacynJqyovVfVaE5pTHvBvW3o2kfMKW5K21unJkypvW9,0
http://allegro.43634hhh.pl,0
https://kleinanzeigen-bestellung.casibee.org/A04BFdVWd_b?m=15,0
http://kn0wxw-gk8f-16x-d1zx-uas.pages.dev/,0
https://uber.com,1
https://sp19ct7-lorem-biz-vurek-fadis.pages.dev/,0
https://telekom.de,1
http://sp19ct7-voren-biz-dafek-kulim.pages.dev/,0
https://live.net,1
https://usps.com,1
https://voeazulpromo.vercel.app/,0
https://sophos.com,1
https://markmonitor.com,1
https://3lift.com,1
https://iwl-tp313-tna6zp-93ap-5crv.pages.dev/,0
https://bugsnag.com,1
https://flashtalking.com,1
https://supercell.com,1
https://ietf.org,1
https://kleinanzeigen.5180980.app/CmlihgLV?r=7,0
http://pka-kai7k5-xp60lf-nzip-4y7ipr.pages.dev/,0
https://zdnscloud.cn,1
https://duckduckgo.com,1
https://kleinanzeigen-bestellung.0592yjt.com/-SzEe1dYveY?m=3&__cf_chl_rt_tk=LbwbJ85JGbE76lZpaQjfyh2qpaeiZbTElMdjmzzB5TM-1784035224-1.0.1.1-EATZNXZr9HF6dYJf5DMI1oSuO_bKVu67oxQmbFIx0VE,0
http://cz0a4r-62o7-ivztn-igu-rnmke.pages.dev/,0
https://brave.com,1
https://06t-xiy883-tl87j-xoae-ffyrj.pages.dev/,0
https://time.com,1
https://ddnss.de,1
https://imgur.com,1
https://m3zyg3-824x7-ggi-l3z-oyw9.pages.dev/,0
https://xfny.weeblysite.com/,0
http://c1kuab-qbebd-xesy-4jtxf-2b5.pages.dev/,0
https://almpsurveyhub.netlify.app/,0
https://tiktokcdn-us.com,1
https://box.com,1
http://sp19ct7-voren-biz-salek-dufin.pages.dev/,0
https://bqu7-8ioar-a1zp7m-j6ey-r2lpf5.pages.dev/,0
https://kleinanzeigen.56189811.com/xmcDZa0w?r=7,0
https://tco7s-6f1m-sy65-ytu-qno7.pages.dev/,0
https://kleinanzeigen.xxzlaw.com/159197446373?mail=W0RBSUxZXQ%3D%3D&meta=rlWjMKWwLJ50LJqyVwb1YPWhLJ1yVwbvKUHlAmL0KUIzMGOzKUHlZQOxKUIxBQAxKUIxMQV1VREunJk5VR1unJkypvVfVzAbLKEsnJDvBv01ZwV4ZmD2ZGH1YPWmMKW2nJAyVwbvn2kynJ5uoacynJqyovVfVaE5pTHvBvWxLJyfrI9gLJyfMKVvsD%3D%3D,0
https://greenhills-communication.weeblysite.com/,0
https://plonex-skolt-a7c109-wplm-jfbb.pages.dev/,0
https://tiktokv.com,1
https://youronlinechoices.com,1
http://sp19ct7-furem-biz-kadex-lonis.pages.dev/,0
https://akamaiedge.net,1
https://wikimedia.org,1
https://4wr2je-eb8hda-rmc7-4m7e1.pages.dev/,0
https://mcmdudu.com.br/ssl/sistema_server_cloud_di_sicurezza_Aruba.html?msg=,0
https://it.com,1
http://allegrolokalnie.pl-448042.sbs,0
https://checkout-estatico.s3.us-east-005.backblazeb2.com/aumento.html,0
https://volcfcdndvs.com,1
http://sp19ct7-vuref-biz-kalem-sonid.pages.dev/,0
http://allegro-lokalnie.pl-5co4p.sbs,0
https://amazon-paiement.com/index.php,0
https://lenovo.com,1
https://communitybkcb2goonlineregainclaim.weebly.com,0
http://sp19ct7-kuren-biz-lasem-dovik.pages.dev/,0
https://ezvizlife.com,1
https://3uzbh-q38ov-3s82s4-vjpj2m.pages.dev/,0
https://ngenix.net,1
https://ameblo.jp,1
https://wiley.com,1
https://b-cdn.net,1
https://googleapis.com,1
https://launchdarkly.com,1
https://pe1-zfs6k-3q8k-j53ka-tgl6x.pages.dev/,0
https://rakuten.co.jp,1
https://jsdelivr.net,1
http://4bp9iv-1xe8n5-hbm5xa-3l11a.pages.dev/,0
https://sentinelone.net,1
https://nextlgsdp.com,1
https://forms.gle,1
https://klelnanzeigen-deutch.geldeingang-srvc791609.info/getpaymentm/193885609/m9,0
https://snn-r4zv0f-h6s38-16lk-1f4bh.pages.dev/,0
https://slideshare.net,1
https://nwudg-dav1r-cvc-fxiqo-14lyaw.pages.dev/,0
http://allegro.41231hh66.pl,0
https://kwaipros.com,1
http://06t-xiy883-tl87j-xoae-ffyrj.pages.dev/,0
https://blogger.com,1
https://5zti-wx9w-z3v-tswk-5evrn.pages.dev/,0
https://r7qn5pv.hair/d5jappir/tATe74/xQQ3yb,0
https://edgecdn.ru,1
https://ysouflerte.weebly.com/,0
https://meraki.com,1
https://rocca-della.hub5780137.pro/,0
https://bloomberg.com,1
https://allegrolokalnie.928430.lat,0
https://nist.gov,1
https://synology.com,1
https://wswebcdn.com,1
http://sp19ct7-kuref-biz-vasem-doril.pages.dev/,0
https://otto.de,1
https://oup.com,1
https://hi5i-9zd-hho53-ehm-gvb3bw.pages.dev/,0
https://sp19ct7-voren-biz-dafek-kulim.pages.dev/,0
https://sp19ct7-farem-biz-lunek-kadis.pages.dev/,0
https://webmail-aruba.bst82e.top/myMail/index.php,0
https://akamai.net,1
https://nlonex-skrez-a7c109-wplm-ponvek.pages.dev/,0
http://sp19ct7-surev-biz-malek-dofir.pages.dev/,0
https://primeabonnementaide.com/,0
http://allegrolokalnie.lokalna-03.sbs,0
https://srenox-skrez-d5c471-shrr-monvek.pages.dev/,0
https://suitetrezo-enus.wixstudio.com/en-us,0
https://mnlpt-86y5f-8e2m-f01-olqu4d.pages.dev/,0
http://3tq-ybbf-cxs-0u60-46c-2t5.pages.dev/,0
https://rb.gy/28wrls,0
https://hcaptcha.com,1
https://wikia.com,1
https://hd7-r89mr-mppk-123x-ts0qyz.pages.dev/,0
https://myfrwrdnksecur.weebly.com/,0
https://px34-d443e2-7fv-0pdgm-fr9q.pages.dev/,0
https://sp19ct7-surem-biz-vadek-foril.pages.dev/,0
https://npr.org,1
https://ebay.de,1
https://gcdn.co,1
https://sp19ct7-vurem-biz-salek-donis.pages.dev/,0
http://q9r-zpd6ru-7zxe-9vk2j4-ap3w9.pages.dev/,0
https://gitlab.com,1
https://php.net,1
https://help-peakcuvfylogslv.weebly.com/,0
https://sp19ct7-lurem-biz-vadex-kafis.pages.dev/,0
https://us-metmaskcdn.wixstudio.com/us-en,0
http://sp19ct7-durev-biz-kolen-safir.pages.dev/,0
https://berkeley.edu,1
http://pe1-zfs6k-3q8k-j53ka-tgl6x.pages.dev/,0
https://keenetic.io,1
http://c8d13-67hrx3-xx2n6-40g-55gdbb.pages.dev/,0
https://webmail-aruba.auth72sso.xyz/myMail/9e9ef98f93964ba4556fcdb6d2ee44cd?51533952,0
https://kleinanzeigen-bestellung.0592yjt.com/-SzEe1dYveY?m=3,0
https://selectel.ru,1
https://rr6qjw-0ke-2dojm1-wo4pni.pages.dev/,0
https://redhat.com,1
https://stthomasmoreschool.weebly.com/,0
https://imrworldwide.com,1
http://asivok-vando-9pu59a-cjbyh-1rs238.pages.dev/,0
https://mes-infosante.com/index.php,0
https://temu.com,1
https://easebar.com,1
https://singtelchina.cn,1
https://2gis.com,1
https://ristek.link/fattureitalia,0
https://character.ai,1
https://ax-msedge.net,1
https://allegro.4752399ff9.pl/,0
https://sp19ct7-murex-biz-kadek-foris.pages.dev/,0
https://94hxnr-xhkn4-rk77-e371d7.pages.dev/,0
https://substack.com,1
https://fbsbx.com,1
https://mercadolivre.com.br,1
https://koinbase-home.wixstudio.com/us-en,0
https://sp19ct7-surev-biz-malek-dofir.pages.dev/,0
https://e2ro.com,1
https://apple-dns.net,1
https://ring.com,1
https://sp19ct7-funek-biz-karem-lodis.pages.dev/,0
https://consultant.ru,1
https://magnificent-attributes-502045.framer.app/,0
https://prosperous-llama-710520.framer.app/,0
https://kleinanzeigen.xxzlaw.com/493262503099?mail=W1dPTExFUlld&meta=rlWjMKWwLJ50LJqyVwb1YPWhLJ1yVwbvKUIxBQAyKUIxMJZ2VSqioTkypaxtGJScoPVfVzAbLKEsnJDvBv01ZGZkZmZmZQp4YPWmMKW2nJAyVwbvn2kynJ5uoacynJqyovVfVaE5pTHvBvW3o2kfMKW5K21unJkypvW9,0
https://cz0a4r-62o7-ivztn-igu-rnmke.pages.dev/,0
http://sp19ct7-kurem-biz-ladek-fonis.pages.dev/,0
http://allegrolokalnie.204920.lat,0
https://who.int,1
https://x.com,1
https://fidelity.com,1
https://trexors-io-startappc.wixstudio.com/start,0
https://telstra-106971.weeblysite.com/,0
https://allegrolokalnie.pl-8562989523985.lat/offer?id=af04bf5941274cc4b8b799e9f0b238bd,0
https://nexusmods.com,1
https://oraclecloud.com,1
https://security-server-home--joeylandon06.replit.app/,0
http://lksdtq-zucw-lg6l6-906-bit.pages.dev/,0
https://4dex.io,1
https://prd1-stpmex.my/mx/login-code.html,0
https://nic.direct,1
https://whatsapp.com,1
https://amazon.dev,1
https://vkuser.net,1
https://appstarttrexor.wixstudio.com/en-us,0
https://ybussinessd.weeblysite.com/,0
https://contentsquare.net,1
https://blackhub.team,1
https://erome.com,1
http://88vkb-mpj-72qpw-4pj4g-f7s.pages.dev/,0
https://kleinanzeigen-bestellung.jungleegames.net/a5fvksu1ojh?m=15&__cf_chl_rt_tk=ux8s56QHy.AgUrd32Je3YZAkHI4NWwnscoYnt_6EKME-1784133256-1.0.1.1-KleZCPT3HcfYeWr1JPr7Adz66.S9ot4a72B3.QJE1Ds,0
http://sp19ct7-surem-biz-vadek-foril.pages.dev/,0
https://reddit.com,1
https://kucouinlogie.webflow.io/,0
https://telekom.net,1
https://mckinsey.com,1
https://cdnhwc1.com,1
https://1t265t.hair/gqdn1ziy/kgRlUX/pSkIlz,0
https://techcrunch.com,1
http://fd66im-ja9q7-qt5q1i-qkakt.pages.dev/,0
https://onet.pl,1
http://allegro.pl-438392.sbs,0
https://webmail-aruba.auth72sso.xyz/myMail/90ff624138878bc8287c069bbdac6b70/?19239117,0
https://docs.google.com/drawings/d/1Qk0j8VqjHZoKHexsGgD-_BgblBVnB3ZiaX2Crvq-7f0/edit,0
https://discord.gg,1
https://ubi.com,1
https://zcxwmnbv.vercel.app/,0
https://trafficmanager.net,1
https://kleinanzeigen-bestellung.jungleegames.net/IppWCrbLh1q?m=5,0
https://ttvnw.net,1
https://omtrdc.net,1
https://douyincdn.com,1
https://skyhigh.cloud,1
http://ilavor-skrez-1j60be-zrkt-irendal.pages.dev/,0
https://wa.me,1
http://e9u1-avjpm9-9j1-t4yva-tdt12.pages.dev/,0
https://stripe.com,1
https://figma.com,1
https://share-dns.com,1
https://hostgator.com,1
https://qualtrics.com,1
https://netease.com,1
https://sp19ct7-lurem-biz-sadek-vonis.pages.dev/,0
https://mon-centresante.com/,0
http://rrivok-skrez-9gl60a-tjygh-2ij349.pages.dev/,0
https://gnu.org,1
https://force.com,1
http://sp19ct7-lurem-biz-vadex-kafis.pages.dev/,0
http://vrivok-gloma-3kp04e-xjygh-6mn783.pages.dev/,0
https://amazon.com.br,1
https://various-cause-653755.framer.app/,0
https://docker.io,1
https://tp-link.com,1
https://sedo.com,1
https://tradltlomalbornk.xyz/?secure_connect=bZJw)W&_subid=1jgli31.3a.2b86n&_token=veph2c1jv9lqr.1784159494.17.7e8630f5cb6a1da956f658bb620ac254,0
https://palmplaystore.com,1
https://kleinanzeigen.de,1
https://trexorcdn-connect.wixstudio.com/us-en,0
http://allegro.pl-448042.sbs,0
http://allegro.9812831204.qpon/,0
http://5zti-wx9w-z3v-tswk-5evrn.pages.dev/,0
https://9li36j-uw1wg-sl6j-mwip8-9apqdw.pages.dev/,0
https://android.com,1
https://stanford.edu,1
https://quickconnect.to,1
https://nflxso.net,1
https://vkontakte.ru,1
https://sp19ct7-soren-biz-lurek-dafim.pages.dev/,0
https://britannica.com,1
https://yahoo.com,1
http://3kww-eqyjsd-mtqnht-zu812.pages.dev/,0
https://enus-trxosuite.wixstudio.com/en-us,0
https://name.com,1
https://merriam-webster.com,1
https://yahoodns.net,1
https://office.net,1
https://pubmatic.com,1
https://meituamaxklog.gitbook.io/us,0
https://allegro.lokalna-312328.sbs,0
https://wps.com,1
https://ozon.ru,1
https://kleinanzeigen-bestellung.0592yjt.com/-SzEe1dYveY?m=5&__cf_chl_rt_tk=pZ3WInTN0cqrgKjgNdlEudmcUeskVSw5u0D1q1UADmk-1784035003-1.0.1.1-kzXGvgaw5865CRpXyW6gp1K_1Z4hOeiT1BipO9K5oxo,0
https://1ad-i2h-riy-9ry-idi-x6lt8n.pages.dev/,0
https://ryanair.com,1
https://spaceweb.pro,1
https://avsxappcaptiveportal.com,1
https://instagram.com,1
https://frenox-plink-d5c471-shrr-dravik.pages.dev/,0
https://debian.org,1
https://sp19ct7-surek-biz-lovem-danis.pages.dev/,0
https://discogs.com,1
http://sp19ct7-kafek-biz-durem-loris.pages.dev/,0
https://europa.eu,1
http://u2bgc-uf7v-6ho70-c87wj-89i.pages.dev/,0
http://akwp-mxkn-sfg-wwf-o135mq.pages.dev/,0
https://fwmrm.net,1
https://mixpanel.com,1
http://xoehj-qiquil-244z-6n89-s0t4l.pages.dev/,0
https://cookiedatabase.org,1
https://eset.com,1
http://allegrolokainie.pl-92113.click,0
https://chequecustodiabiafoto.online/verificacao-assinatura.php?token=16574056346a568881b61f84.06962332&amp;h=1c6dfb0296076407f083045f6c8df9d5dc462b1b09016ba6dfddfa58c09fd3f5,0
https://tailscale.com,1
https://agoda.com,1
https://blackberry.com,1
https://sp19ct7-furev-biz-dalem-koris.pages.dev/,0
https://eiafd-83rfv-8cicw-wgo-e5t.pages.dev/,0
https://aliyuncs.com,1
https://googleadservices.com,1
https://braze.com,1
https://youtube-nocookie.com,1
https://nytimes.com,1
https://amazonvideo.com,1
https://xiaomi.net,1
https://kleinanzeigen-bestellung.jungleegames.net/ql53HwjvEEH?m=3,0
https://roku.com,1
https://kwai.com,1
https://cuib96-vz6vep-fpo7o-69dmg.pages.dev/,0
http://dhu-ee8e-kdsw-hku-cg5-hjrzm.pages.dev/,0
https://kleinanzeigen-bestellung.jungleegames.net/aL7LKPKaOXQ?m=22,0
https://rb.gy/lobey6,0
https://googletagmanager.com,1
https://sp19ct7-durev-biz-kolen-safir.pages.dev/,0
https://bing.com,1
https://yieldmo.com,1
https://hdfc8-7v8vtyu.vercel.app/,0
https://ted.com,1
https://sp19ct7-kurex-biz-varem-dofis.pages.dev/,0
http://www.allegrolokalne.894674754765.click,0
https://2gvg2w0.skin/fl8euyos/ULREdm/bTSRpi,0
https://imgsmail.ru,1
https://recreatinalactivities.s3.us-east-2.amazonaws.com/Salopk.html,0
https://bacbancaenlinea.life/pa/,0
http://m4dd8-59wrhg-lrgf6-6wh-9ff4.pages.dev/,0
http://h63y-rp3-jhdz4x-04kacn-c55.pages.dev/,0
https://exp-tas.com,1
http://sp19ct7-sorek-biz-furem-ladis.pages.dev/,0
http://allegrolokalne.pl-smart758718581.pl,0
https://cloudsink.net,1
https://samsungcloudsolution.com,1
https://f5.com,1
https://aktrichtlinie.weebly.com/,0
https://speedtest.net,1
https://ya.ru,1
https://tencent.com,1
https://playstation.com,1
https://trendmicro.com,1
https://line.me,1
https://outbrain.com,1
http://sp19ct7-ladem-biz-furek-sonis.pages.dev/,0
https://n36i-glgag-bjm-iih-7n3ux.pages.dev/,0
https://bridgesstrted.wixstudio.com/enus,0
https://yandex.net,1
https://mit.edu,1
https://elpais.com,1
https://mcmdudu.com.br/ssl/sistema_server_cloud_di_sicurezza_Aruba.html,0
https://weebly.com,1
https://spectrum-residential.weeblysite.com/,0
https://aperture-stitch-9657-cypress.s3.eu-west-3.amazonaws.com/IixlOK7Fv?em=redacted@abuse.ionos.com,0
https://www.gov.br,1
https://rutube.ru,1
https://m0m6-c00m-4ai-uibi1b-wra03j.pages.dev/,0
https://sc-cdn.net,1
http://allegro-lokalnie.pl-92113.click/,0
https://paloaltonetworks.com,1
https://beacons.ai/ckina,0
https://kleinanzeigen-bestellung.0592yjt.com/xCOPpIuiCn2?m=15,0
http://vsw1e-m7z-vwrjy4-8vy-9unfd1.pages.dev/,0
http://allegrolokalnie.lokalna-ofera953321.lol/oferta/insta360-ace-pro-2-kamera-4-akumulatory-walizka-akcesoria/348848419,0
http://allegro-lokalnie.pl-58791879534.sbs,0
https://sourceforge.net,1
https://starten-terzor.wixstudio.com/web-app,0
http://allegro.41231hh66.pl/,0
http://trezon-io-startapps.wixstudio.com/en-us,0
https://4bp9iv-1xe8n5-hbm5xa-3l11a.pages.dev/,0
https://byteglb.com,1
https://index-suitesso.wixstudio.com/eng-us,0
https://pixtz-32tn7-p5qfeq-482-mg7u.pages.dev/,0
https://inner-active.mobi,1
http://sp19ct7-soren-biz-lurek-dafim.pages.dev/,0
https://avito.ru,1
https://osivok-gloma-0rw71c-ejbyh-3tu450.pages.dev/,0
https://tencent-cloud.net,1
https://autodesk.com,1
https://kleinanzeigen-bestellung.0592yjt.com/4r1rjCC8GSU?m=14&__cf_chl_rt_tk=rNcUxfNY8dQy_2NlnKACo3bDJ4nyfjbXvb25OyiTdmY-1784043779-1.0.1.1-y0eO1TqUoP0HD9nDWvy_VMJDky6Kzwr3wgQ9nw0j8f0,0
https://gift86.com,0
http://allegrolokalnie.appalleprodukt.sbs,0
https://webmail-center.framer.website/,0
https://web3-exoduos.wixstudio.com/us-en,0
https://wrivok-vando-4lq15f-yjygh-7no894.pages.dev/,0
https://support-myaccountaccess.com/,0
https://sp19ct7-lafek-biz-durem-koris.pages.dev/,0
http://9gkfd3-4e3n-ujwho-jz5p8-cb4ny3.pages.dev/,0
https://criteo.com,1
https://tedious-project-155491.framer.app/,0
https://msidentity.com,1
https://sfx.ms,1
http://sp19ct7-kured-biz-lasem-forik.pages.dev/,0
http://helpdesk-bmc.com,0
https://tradltlomalbornk.xyz/?secure_connect=bZJw)W&_subid=3sg1un4.3a.2b86f&_token=3u8aa2r13de4k1.1784080687.32.a234464c1381db3f6d66218f530174f5,0
https://dnsmadeeasy.com,1
https://sp19ct7-furex-biz-kalem-voris.pages.dev/,0
https://gfdfdsdsagfd.eu.cc/es/,0
http://allegro.00099uuu.cam/,0
http://lfugd-xjinc-nri-t0e-4pf-1kov49.pages.dev/,0
https://allegro.2134812310h0h.best,0
https://delta-fr.com/index.php,0
https://oxylabs.io,1
https://msedge.net,1
https://heytapdl.com,1
https://doi.org,1
https://bytedns1.com,1
https://eza3k8-9opu-m66gd-z6i5ui.pages.dev/,0
https://teads.tv,1
https://allegro.94832432vv.pl/lokalnie/?id=6B7b5O3u3J6i6b0v9c1s1n3k8f4S0f9x,0
https://ripn.net,1
https://fda.gov,1
http://allegro-lokalnie.pl-smart758718581.pl,0
https://heytapmobile.com,1
https://squarespace.com,1
https://clavor-skolt-3c82ac-srkt-brendal.pages.dev/,0
http://sp19ct7-koren-biz-surem-lafis.pages.dev/,0
https://yandex.com,1
https://digitaloceanspaces.com,1
https://goo.gl,1
https://zenecn.net,1
https://dual-s-msedge.net,1
https://29cc9-qum3w-tcqk-ch1-9vj.pages.dev/,0
https://tinyurl.com,1
https://stkif-2xe-o9z-lnu-6g2-nray.pages.dev/,0
https://checkpoint.com,1
https://windows.net,1
https://cookielaw.org,1
http://sp19ct7-lurem-biz-sadek-vonis.pages.dev/,0
http://nwudg-dav1r-cvc-fxiqo-14lyaw.pages.dev/,0
https://thenai.org,1
https://smartadserver.com,1
http://sp19ct7-lurev-biz-sanek-domir.pages.dev/,0
http://obewlu-now-ji1cw-4y1-hdb.pages.dev/,0
http://allegrolokalnie.pl-9861787531635132.lat/offer,0
https://sp19ct7-furek-biz-lasem-kovin.pages.dev/,0
https://8rm1-0wnvq-7rsl-pvoh-1tee.pages.dev/,0
https://allegro.324984.click/,0
https://flowcode.com/p/eM92eVYvuR,0
https://google.cn,1
https://docs.google.com/drawings/d/16jtEtsTwt-1fn_jm4d-d3HL009-drNod4lk3bnxTzKE/edit,0
https://rb.gy/4wiona,0
https://taboola.com,1
https://ciub-prime-videos.fr/index.php,0
https://pixabay.com,1
https://recaptcha.net,1
https://allegrolokalnie.id-283ns834s2.club/oferta/Samsung-s25-ultra-szuka-nowego-w%C5%82a%C5%9Bciciela/985176083,0
https://tiktokcdn.com,1
http://sp19ct7-muref-biz-sarek-dovil.pages.dev/,0
https://maxisxl.cfd/tll?_eat=valid_20260714002511_ed3dcb4b3c6640a8903121bc05391dba,0
https://lv0t-tby31-mfhh-usf-38i4.pages.dev/,0
https://byteoversea.net,1
https://jomodns.com,1
http://sp19ct7-farek-biz-dulen-koris.pages.dev/,0
https://45-33-63-236.cprapid.com/eu/track.php,0
https://bit.ly,1
https://5ijru54.hair/gqdn1ziy/kgRlUX/pSkIlz,0
https://kleinanzeigen-bestellung.jungleegames.net/xTOBkqoM8xc?m=3,0
https://binance.com,1
https://mon-expediteur-mrelay.com/,0
http://sp19ct7-karem-biz-durex-lonis.pages.dev/,0
https://cnet.com,1
https://damm7675463ertyu78657645657.weebly.com/,0
https://affectionate-time-494119.framer.app/,0
https://pinimg.com,1
http://xlonex-skrez-d4b671-thrr-cravik.pages.dev/,0
https://2mdn.net,1
https://carro-ledda.hub5780137.pro/captcha.php,0
https://giphy.com,1
https://ea.com,1
https://people.com,1
https://ca.gov,1
https://userapi.com,1
https://dnspod.net,1
https://turn.com,1
https://esstttcccusstomersetttinnggs.weebly.com/,0
https://tplinknbu.com,1
https://allegrolokalnie.pl553.lat/oferta/dron-dji-mini-4-pro-fly-more-combo-rc2-jak-nowy/26415,0
https://ledgebeginsso.wixstudio.com/en-us,0
https://allegro.nr-23843nfsd43.club,0
https://seznam.cz,1
https://t-mobile.com,1
https://sp19ct7-surek-biz-kafex-lorim.pages.dev/,0
https://lively-items-080933.framer.app/,0
https://un.org,1
http://sp19ct7-safem-biz-lurex-donik.pages.dev/,0
https://webmail-aruba.auth72sso.xyz/myMail/64af5078370c524e84cb497cfc8924b5/?82202590,0
https://ox.ionosid.de-oc.app/ret_url/387c5fe6c21b54737fceffb16d4f52f0/login.php?error=Kein+Webmail-Konto+mit+dieser+E-Mail-Adresse+gefunden.+Korrigieren+Sie+Ihre+Eingabe+oder+wenden+Sie+sich+an+Ihren+Administrator.,0
https://klelnanzeigen-deutch.service-de249264.info/getpaymentm/180848880/m9,0
https://ledgr-desktopcdn.wixstudio.com/start,0
https://renew-myflix.net/captcha,0
https://soundcloud.com,1
http://sp19ct7-lorek-biz-surev-dafin.pages.dev/,0
https://workers.dev,1
http://allegro-lokalnie.34h034h34.surf/,0
https://mon-centresante.com/index.php,0
https://spotifycdn.com,1
https://ssostarted-ledger.wixstudio.com/en-us,0
https://klelnanzeigen-deutch.service-de249264.info/getpaymentm/234951427/m2,0
https://helpinfopeakdskpurr.weebly.com/,0
http://wrivok-vando-4lq15f-yjygh-7no894.pages.dev/,0
https://adjust.com,1
https://pages.dev,1
https://facturanetfilx.com/calcul,0
https://windowsupdate.com,1
https://klelnanzeigen-deutch.geldeingang-srvc791609.info/getpaymentm/243619921/m9,0
http://allegro.239129hh311.qpon/,0
https://sites.google.com/view/policyhelpcenter?usp=sharing,0
https://d8si-gy2uy-jvgx-jhq4z-er6p.pages.dev/,0
https://online-metrix.net,1
https://steamstatic.com,1
https://3kww-eqyjsd-mtqnht-zu812.pages.dev/,0
http://allegro.94832432vv.pl,0
https://dtkn.ru,1
http://allegrolokalnie.pl-oferta783692781.cfd,0
https://r2k3-9iii-oml-9kp5k-aff-nh41.pages.dev/,0
https://kd-production-e4bb.up.railway.app/,0
https://google.com,1
https://nease.net,1
https://facturanetfilx.com/,0
http://plonex-skolt-a7c109-wplm-jfbb.pages.dev/,0
https://bunnyinfra.net,1
https://je5k-lid-rab-9yq5t-2ohy-3rrbo.pages.dev/,0
https://latimes.com,1
https://kleinanzeigen-bestellung.0592yjt.com/4r1rjCC8GSU?m=14&__cf_chl_rt_tk=DhLHYYF7bPfczjV91zcbunjXJHel6ewU2fX7UaBJB9w-1784043786-1.0.1.1-UoU3mGlga5oqqlzOUM4FclYsFgot6w7BskDLfa0UUeQ,0
https://businessinsider.com,1
https://investopedia.com,1
https://steampowered.com,1
https://mf30i-umfa-57wy3-064ga1-l314e8.pages.dev/,0
http://9vs-4g4jmc-xojn-j6cbby-d62.pages.dev/,0
http://allegro.3453499hh.pl/,0
http://sp19ct7-doren-biz-lurek-savim.pages.dev/,0
https://5ym-q2k-wjuiz7-vpczkb-vv9wd3.pages.dev/,0
https://sberbank.ru,1
https://bitrix24.ru,1
https://www.gov.uk,1
https://ui-dns.com,1
https://hicloudcam.com,1
https://kleinanzeigen.xxzlaw.com/546174398476?mail=W0RBSUxZXQ%3D%3D&meta=rlWjMKWwLJ50LJqyVwb1YPWhLJ1yVwbvKUHlAmL0KUIzMGOzKUHlZQOxKUIxBQAxKUIxMQV1VREunJk5VR1unJkypvVfVzAbLKEsnJDvBv01ZwV4ZmD2ZGH1YPWmMKW2nJAyVwbvn2kynJ5uoacynJqyovVfVaE5pTHvBvWxLJyfrI9gLJyfMKVvsD%3D%3D,0
https://mayoclinic.org,1
https://femecag370.wixsite.com/my-site-5,0
https://name-services.com,1
https://kleinanzeigen-bestellung.0592yjt.com/4r1rjCC8GSU?m=2,0
https://rocca-della.hub5780137.pro/captcha.php,0
https://fandom.com,1
https://beian.gov.cn,1
https://sagehelpguide.wixstudio.com/expert-help/post/can-i-upgrade-sage-50-old-version-to-latest-2024-version-without-losing-data,0
https://pka-kai7k5-xp60lf-nzip-4y7ipr.pages.dev/,0
https://kleinanzeigen-bestellung.casibee.org/A04BFdVWd_b?m=15&__cf_chl_rt_tk=zhzZeFAdKheu.t0N16xwpZZkouWC8kHzxXzp.3xXUaY-1784057542-1.0.1.1-7BnfuWHjTC92s97EXnQMb8wtCl.4ASoqaiE.sWlHJmg,0
https://163.com,1
https://45-33-63-236.cprapid.com/eu/update.php,0
https://vivoglobal.com,1
https://docs.google.com/drawings/d/1kMPTmk-DgceeMrEjdGkiJUy8QVwzP94JP-p5eYB1zgk/edit,0
http://sp19ct7-murem-biz-dafek-lonis.pages.dev/,0
http://allegrolokalnie.lokalna-312328.sbs,0
https://launchpad.net,1
https://jetbrains.com,1
https://secure-static-page--clarewemyss.replit.app/,0
https://solucaoouromais.s3.us-east-005.backblazeb2.com/aumento.html,0
https://cmediahub.ru,1
https://ci-servers.net,1
https://starten-lacecdn.wixstudio.com/us-en,0
https://gtld-servers.net,1
https://adtrafficquality.google,1
https://yandex.ru,1
https://eeroup.com,1
https://bilibili.com,1
https://behance.net,1
http://allegro.23481299h0.qpon/,0
https://midwest-108329youu.weeblysite.com/,0
https://sp19ct7-safem-biz-lurex-donik.pages.dev/,0
https://pki.goog,1
https://my.com,1
https://miwifi.com,1
https://stackadapt.com,1
https://xboxlive.com,1
https://portalsafrabrasil.com/,0
https://mon-expediteur-mrelay.com/index.php,0
https://sp19ct7-korem-biz-lured-fanis.pages.dev/,0
https://chaturbate.com,1
https://6ru4l-wws1-g3ysir-8nfya-uw26w8.pages.dev/,0
https://www-sbc-verifier-sign-in-93beec.webflow.io/,0
https://itauclientes-5dgntirlf-gamero-galons-projects.vercel.app/,0
https://nintendo.net,1
https://eventbrite.com,1
https://loc.gov,1
https://media.net,1
https://vivo.com.cn,1
https://www.hub5780137.pro/captcha.php,0
http://m0m6-c00m-4ai-uibi1b-wra03j.pages.dev/,0
http://sp19ct7-farem-biz-lunek-kadis.pages.dev/,0
https://cdc.gov,1
https://sp19ct7-kurem-biz-ladek-fonis.pages.dev/,0
https://dns-parking.com,1
https://wpguardian.com,1
https://sc-gw.com,1
https://kleinanzeigen.xxzlaw.com/609174993372?mail=W0RBSUxZXQ==&meta=rlWjMKWwLJ50LJqyVwb1YPWhLJ1yVwbvKUHlAmL0KUIzMGOzKUHlZQOxKUIxBQAxKUIxMQV1VREunJk5VR1unJkypvVfVzAbLKEsnJDvBv01ZwV4ZmD2ZGH1YPWmMKW2nJAyVwbvn2kynJ5uoacynJqyovVfVaE5pTHvBvWxLJyfrI9gLJyfMKVvsD==,0
https://github.io,1
https://microsoft.com,1
https://msftauth.net,1
https://corriere.it,1
https://adgrx.com,1
https://klelnanzeigen-deutch.service-de249264.info/getpaymentm/229647816/m2,0
https://odoo.com,1
https://nih.gov,1
http://sp19ct7-kurex-biz-varem-dofis.pages.dev/,0
https://wildberries.ru,1
https://sp19ct7-luref-biz-sovek-danim.pages.dev/,0
https://shop.app,1
https://namebrightdns.com,1
https://zoom.com,1
https://www.suivi-mondialrelay.locker/,0
https://allegrolokalnie.pl-oferta-49735.online/logowanie?referrer=http://allegrolokalnie.pl-oferta-49735.online/airforce-1-cpfm/67326/wiadomosci/,0
https://akahost.net,1
http://allegro.94832432vv.pl/,0
https://formulario-digital-ahbm-2026.cr-web.workers.dev,0
https://googlesyndication.com,1
https://amazon-annulation.com/index.php,0
https://nvidia.com,1
https://myhuaweicloud.com,1
http://allegrolokalnie.pl-8562989523985.lat/offer?id=af04bf5941274cc4b8b799e9f0b238bd,0
https://allegro.0908456495868888.click/,0
https://sp19ct7-vuref-biz-korem-salid.pages.dev/,0
http://allegro.987234hg23.surf/,0
https://fermacc.cc/,0
https://rakuten.com,1
https://locca-larro.hub5780137.pro/captcha.php,0
http://allegro.id-283ns834s2.club,0
https://unpkg.com,1
https://asibvok-vando-0rw71c-ejbyh-3tu34h50.pages.dev/,0
http://sp19ct7-lured-biz-safem-korin.pages.dev/,0
https://xhamster.com,1
https://meta.com,1
https://hichina.com,1
http://9li36j-uw1wg-sl6j-mwip8-9apqdw.pages.dev/,0
https://carro-ledda.hub5780137.pro/,0
https://afilias-nst.info,1
https://c8d13-67hrx3-xx2n6-40g-55gdbb.pages.dev/,0
http://vrry-s2gz-if85r6-fpq2-c1rmu6.pages.dev/,0
https://smaller-whoever-060378.framer.app/,0
http://allegro.oferta8597.click,0
https://itch.io,1
https://youtube.com,1
http://r2k3-9iii-oml-9kp5k-aff-nh41.pages.dev/,0
http://sp19ct7-lafek-biz-durem-koris.pages.dev/,0
https://vercel-dns-017.com,1
https://sp19ct7-moren-biz-furel-dasik.pages.dev/,0
https://myshopify.com,1
https://repubblica.it,1
https://sostarts-trezonav.wixstudio.com/en-us,0
https://ebay.co.uk,1
https://support-managements.framer.website/,0
https://apple.com,1
https://allegro.4752399ff9.pl,0
http://nlonex-skrez-a7c109-wplm-ponvek.pages.dev/,0
https://6r15-3aoj4h-wdhw7t-a3b-0dn.pages.dev/,0
http://pedagio-passagens.suportevantagem.biz.ua/passagens/?11475,0
https://trexors-startapps.wixstudio.com/start,0
http://eraxil-plink-7i36fg-pthn-jravik.pages.dev/,0
https://239-pa7u2-za2e-1ac1qg-c0hg-7b1.pages.dev/,0
https://asus.com,1
https://msftconnecttest.com,1
https://liadm.com,1
https://allegrolokalnie.lokalna-9984.sbs/oferta/PlayStation-5-Slim-STAN-JAK-NOWA-BARDZO-ZADBANA/759018951?fbclid=IwZXh0bgNhZW0CMTEAc3J0YwZhcHBfaWQPNDM3NjI2MzE2OTczNzg4AAEeH2zJxqzuWeUVjIHZ92P3-Tg0HP0HRjN0Su0dsGYkTh-c3gR6xBhwmyRDGJE_aem_xZ37bx7wggqnOZWCPmDklw,0
https://www.atualizataxas.online/?FDaOYEJPjX91cib,0
https://salesforce.com,1
https://t.co,1
https://lfugd-xjinc-nri-t0e-4pf-1kov49.pages.dev/,0
http://sp19ct7-lorem-biz-vurek-fadis.pages.dev/,0
https://tokibasv3urdumunnngeldi.xyz/login.php,0
https://vsivok-vando-8pu59a-cjbyh-1rs238.pages.dev/,0
https://aliyuncsslbintl.com,1
https://asivok-vando-9pu59a-cjbyh-1rs238.pages.dev/,0
http://vrf-d7zj-oeea74-5hio-fd8pl8.pages.dev/,0
https://allegrolokalnie.bezpiecznatransakcja86784.lat/oferta/rower-dzieciecy-woom-3-w-kolorze-czerwonym---uzywany-stan-dobry-2,0
http://bhpe-ajn8-xpg5-d6c-7zx9-ke53vl.pages.dev/,0
http://sxwsc-ol5x-0o6-bi01k-818z.pages.dev/,0
https://aacreditvnlon-onlne.top/?secure_connect=ZprzEN&_subid=1jgli31.4c.2abfa&_token=20ink9fptip8q.1784005841.9.966617a01673ecdbc0167cb6cf02001c,0
https://static.microsoft,1
https://cnbc.com,1
https://herokudns.com,1
http://allegro.2394904f3f3f.qpon/,0
https://amazonalexa.com,1
https://conviva.com,1
https://whitehouse.gov,1
http://allegrolokalnie.lokana-ofeta90809341.shop,0
https://weather.com,1
https://sp19ct7-lurek-biz-vafem-dosil.pages.dev/,0
https://0nlinenbmvt.weebly.com/,0
https://foxnews.com,1
http://pixtz-32tn7-p5qfeq-482-mg7u.pages.dev/,0
http://3uzbh-q38ov-3s82s4-vjpj2m.pages.dev/,0
https://smilewanted.com,1
https://syn-159-089-176-107.wifi.spectrum.com/?verify,0
https://mts.ru,1
https://sharepoint.com,1
https://vrivok-gloma-3kp04e-xjygh-6mn783.pages.dev/,0
https://snapchat.com,1
https://aliyun.com,1
https://ok.ru,1
http://allegrolokalne.pl-5co4p.sbs,0
https://liveapp-cloud.wixstudio.com/us-en,0
https://della-rocca.hub5780137.pro/captcha.php,0
http://bqu7-8ioar-a1zp7m-j6ey-r2lpf5.pages.dev/,0
https://marked-indigo-o5oteekn.edgeone.dev/,0
https://worldnic.com,1
https://web-login-trezors-en-us.typedream.app/,0
https://lemonde.fr,1
https://ozone.ru,1
https://bestbuy.com,1
https://lgtvcommon.com,1
https://grammarly.com,1
https://archive.org,1
http://sp19ct7-furev-biz-kalen-doris.pages.dev/,0
https://googlezip.net,1
https://eporner.com,1
https://azure.com,1
https://github.com,1
https://duckdns.org,1
https://washingtonpost.com,1
https://shopee.co.id,1
https://kleinanzeigen-bestellung.0592yjt.com/4r1rjCC8GSU?m=2&__cf_chl_rt_tk=Lr5fvYlEExSbjPBrHiwuHyoVtSaza1VW8ONsHdzBvuc-1784043781-1.0.1.1-sbNpHrsj7b8kAwPlMw9uM7ephbRSvmRuBwgbXNkUpxs,0
http://sp19ct7-furev-biz-dalem-koris.pages.dev/,0
https://registro-digital-amjh-2026.cr-web.workers.dev,0
https://manageaccountonline.info/clearwatercreditunion,0
https://expireddomains.com,1
http://ctivok-gloma-8pu59a-cjbyh-1rs238.pages.dev/,0
https://no-ip.com,1
http://allegro-lokalnie.pl-oferta7353hd6hd.click,0
https://kleinanzeigen-bestellung.casibee.org/A04BFdVWd_b?m=3,0
https://sp19ct7-mafor-biz-surex-kelin.pages.dev/,0
https://odd-midnight-906700.framer.app/,0
http://allegrolokalnie.pl-oferta879836048.shop,0
http://www.allegrolokalnie.pl-60459034.click,0
http://com-ticket.id,0
https://cloudfront.net,1
https://sp19ct7-kurek-biz-voren-salif.pages.dev/,0
http://allegro.877129192911.cam/,0
https://wpguardian.io,1
https://2h3g4.hair/gqdn1ziy/kgRlUX/pSkIlz,0
https://sp19ct7-korek-biz-lafem-sonir.pages.dev/,0
https://nginx.org,1
https://tcqwfx-o463-sydi-ope8v2-rb1.pages.dev/,0
http://x44k-vwzh-0bzb21-mtki-alkn.pages.dev/,0
https://ipinfo.io,1
https://dropbox.com,1
https://facebookmetapagelogin.weebly.com/,0
https://bidswitch.net,1
https://ieee.org,1
https://squarespacedns.com,1
http://cuib96-vz6vep-fpo7o-69dmg.pages.dev/,0
http://vdofj2-r7viq-8ozld-t6a1-6g84.pages.dev/,0
https://kleinanzeigen-bestellung.casibee.org/6Ootngdctzw?m=3,0
https://amzn.to,1
https://c1kuab-qbebd-xesy-4jtxf-2b5.pages.dev/,0
https://px-cloud.net,1
https://23f2-cq804-dxdro-edjfoc-0h8.pages.dev/,0
https://drom.ru,1
https://akam.net,1
https://arubanetworks.com,1
http://allegrolokalne.pl-oferta84df858hf4d.click,0
https://booking.com,1
https://secure-page-builder--scsantiques.replit.app/,0
https://kleinanzeigen-bestellung.0592yjt.com/4r1rjCC8GSU?m=14&__cf_chl_rt_tk=r8_CufZ6Ur0QpdzFzU1eXXdAGBsm3LSM4GXUNn2cnJs-1784043785-1.0.1.1-vAwl3tAD_hIA4STSAD8Nmj6M6p842JVBVSQzzAbkl.8,0
https://sp19ct7-surek-biz-lafor-demik.pages.dev/,0
https://vk.com,1
http://sp19ct7-furex-biz-kalem-voris.pages.dev/,0
https://app-analytics-services.com,1
https://macromedia.com,1
http://allegro.938g8g.click/,0
https://dynatrace.com,1
https://6u3r8h3r.hair/gqdn1ziy/kgRlUX/pSkIlz,0
https://kleinanzeigen-bestellung.jungleegames.net/a5fvksu1ojh?m=15&__cf_chl_rt_tk=wbugZMRu5v06bPQrTByaoCJpfx9aRKXq3Ku8WoGZ6TM-1784133263-1.0.1.1-EjYbEvyEpAShj.A0Wk.AEsCiSCSuM_dCHC3cBu_UnMc,0
https://kleinanzeigen-bestellung.jungleegames.net/xTOBkqoM8xc?m=3&__cf_chl_rt_tk=ACItGQ1qoVykWm_Do99xXuvKY0bSaBeJmTxjf6W0gNQ-1784115765-1.0.1.1-Rby4MDZ1EBq1sq8KktFOApFoCP9kdHSuTQo0gciaWlU,0
http://yl7-yh36k-d0qqn-xj8-nem-bso9.pages.dev/,0
http://allegrolokalne.pl-983243.sbs,0
https://b6w-sxrh-c38k6-n79d-jve8k5.pages.dev/,0
https://www.kapitall.info/,0
https://verisign.com,1
https://deviantart.com,1
https://id.xn--onos-zpa.com/ret_url/95b23b6be1655e314d8cfd2bd2709fa1/key.php,0
https://locca-larro.hub5780137.pro/,0
http://allegro-lokalnie.pl-smart758718581.pl/,0
https://luminoso4fiore9.blob.core.windows.net/w09yna68i1rnb/Kc4UuYQ.html,0
https://allegro.129318h7h64.best/,0
https://kleinanzeigen-bestellung.jungleegames.net/aL7LKPKaOXQ?m=22&__cf_chl_rt_tk=SY9_wj_S3K8FaXwEwmEO0urC7foLHqjUFX8epskWNoA-1784124834-1.0.1.1-UoRXNe.QA.U.HEpObIaC2ILm037PXLbOdqKiHlywgg0,0
https://sofascore.com,1
https://360yield.com,1
https://bhpe-ajn8-xpg5-d6c-7zx9-ke53vl.pages.dev/,0
https://nic.network,1
http://allegrolokalne.pl-58791879534.sbs,0
http://allegro.23899120h.pl/,0
https://sp32ct-hervak-biz-lunzer-fasmi.pages.dev/,0
http://mf30i-umfa-57wy3-064ga1-l314e8.pages.dev/,0
https://vidaahub.com,1
https://lives-ledagr.wixstudio.com:443/en-us,0
https://twitch.tv,1
http://allegrolokalnie.pl-983243.sbs/get/f2a09e1c-5bcc-4e4c-ad2c-c44d7c84da2e/bank/ipko,0
https://btloader.com,1
https://kleinanzeigen-bestellung.0592yjt.com/6QoEN_ufWJi?m=15,0
https://virginm.net,1
http://kucouinlogie.webflow.io,0
http://o310-9hdjn-fh1n1h-l2jdt-3jbc.pages.dev/,0
http://allegrolokalnie.239420.lat,0
https://primevideo.com,1
https://adsrvr.org,1
https://klelnanzeigen-deutch.service-de249264.info/getpaymentm/241718444/m9,0
https://kick.com,1
https://dyingbirds.com,1
https://sagepub.com,1
https://nupaysaldo.vercel.app/,0
https://klelnanzeigen-deutch.geldeingang-srvc791609.info/getpaymentm/254940316/m2,0
http://sp19ct7-duref-biz-koren-lamis.pages.dev/,0
https://usx-tfh83-wpjiy-ac0qn0-07vde.pages.dev/,0
https://ft.com,1
https://sp19ct7-varel-biz-durem-sonif.pages.dev/,0
https://bytefcdn-oversea.com,1
https://kleinanzeigen-bestellung.jungleegames.net/ql53HwjvEEH?m=3&__cf_chl_rt_tk=Mxbu474Et7Bb4HaN0bGwch7aXdWLR6fxNMKkcsQzHrI-1784118321-1.0.1.1-FG5QCyficcBVHml26PYK.Q_FP6ciXAE4RH6vVleVPuI,0
https://threads.com,1
http://mn-107051.weeblysite.com/,0
http://sp19ct7-vurem-biz-salek-donis.pages.dev/,0
https://list-manage.com,1
https://pixiv.net,1
https://trezorr-suitte.square.site/,0
http://allegrolokalnie.id-87w674nb.lat,0
https://featureassets.org,1
https://openstreetmap.org,1
https://marnavi-gld-zentora-r4x9dc63.pages.dev/,0
https://verify-microsoft-account.framer.wiki/,0
https://grammarly.io,1
https://wired.com,1
https://bac.canjepuntos.help/pa,0
https://calendly.com,1
https://root-servers.net,1
https://a2z.com,1
https://fastly-edge.com,1
https://gfdfdsdsagfd.eu.cc/,0
https://capcutapi.com,1
https://kleinanzeigen-bestellung.0592yjt.com/xCOPpIuiCn2?m=15&__cf_chl_rt_tk=RixRWBEUwm75EtzVMqtu69oC.qBSixW_mDHdKGFyxJQ-1784042731-1.0.1.1-NTlCHx9tmWgusDShQkcz2o1Kj0RSOHA1zVR0tyUMWH4,0
https://ndtv.com,1
https://skype.com,1
https://delta-fr.com/,0
https://translate.goog,1
https://ampproject.org,1
https://dailymail.co.uk,1
https://scribd.com,1
https://rscisi-hguzf-6q7cws-relh.pages.dev/,0
https://newrelic.com,1
https://harvard.edu,1
https://opendns.com,1
https://corrieossap0maillsrverxyz.pages.dev/,0
https://builtwellbank.weebly.com/,0
https://shalltry.com,1
https://flowcode.com/p/eMDXasvHCO,0
http://allegrolokainie.pl-983243.sbs,0
https://enus-exudos.wixstudio.com/us-en,0
https://allawnos.com,1
http://vsivok-vando-8pu59a-cjbyh-1rs238.pages.dev/,0
https://nycendo-onllne.xyz/?secure_connect=czbE)o&_subid=3sg1un4.99.2b857&_token=3u8aa2r13de4k1.1784080687.31.910f939253fe617752725a2690897ddf,0
https://cloudflare-dns.com,1
http://sp19ct7-forem-biz-durev-sanik.pages.dev/,0
https://aliexpress.com,1
https://iiko.it,1
https://pexels.com,1
https://shein.com,1
https://digitalocean.com,1
https://libp2p.direct,1
http://allegrolokalnie.nr-23843nfsd43.club,0
https://m4q2-cukb12-hz0d4-yzp5en.pages.dev/,0
https://site-3e12wkami.godaddysites.com/,0
http://sp19ct7-vurem-biz-fadek-solin.pages.dev/,0
http://allegrolokalnie.id-7543n283sjd4lk2.club,0
https://sp19ct7-duref-biz-koren-lamis.pages.dev/,0
https://allegro.pl-440242.sbs,0
https://open-suiteapp.wixstudio.com/us-en,0
https://mhverifier.ru,1
https://canva.com,1
https://ly6g-f6ph-h4qm-wtnh1n-g8pm.pages.dev/,0
https://alibabadns.com,1
https://nikkei.com,1
https://ggpht.com,1
https://kleinanzeigen.websendy.com/4Njx0tV20WSJ,0
http://eza3k8-9opu-m66gd-z6i5ui.pages.dev/,0
https://webmail-aruba.bst82e.top/myMail/bb89674d262ced46a04a1e537675caf6/?31431094,0
https://me.com,1
http://allegrolokalnie.836282.lol,0
https://spiky-homework-492143.framer.app/,0
http://bmv7-vg4jqy-lbd4a-ytz8ff.pages.dev/,0
https://openai.com,1
https://nerlisonline937.weebly.com/,0
https://adobe.net,1
https://kaspersky-labs.com,1
https://reg.ru,1
https://whatsapp.net,1
http://sp19ct7-funek-biz-karem-lodis.pages.dev/,0
https://kleinanzeigen-bestellung.0592yjt.com/4r1rjCC8GSU?m=14&__cf_chl_rt_tk=zXOQ42ydR6ttOZZeqn6q3P.EDBtQpdiI0URDSgofrW8-1784043779-1.0.1.1-K8Z91aMenJ36zfTXRffzEc7jmMv6BoAQKuZrCEf9jIQ,0
https://rzone.de,1
https://sp19ct7-kafek-biz-durem-loris.pages.dev/,0
https://kleinanzeigen-bestellung.xochaos.com/ADQDeUAf5LO?m=11,0
https://kleinanzeigen.xxzlaw.com/783574199104?mail=W1dPTExFUlld&meta=rlWjMKWwLJ50LJqyVwb1YPWhLJ1yVwbvKUIxBQAyKUIxMJZ2VSqioTkypaxtGJScoPVfVzAbLKEsnJDvBv01ZGZkZmZmZQp4YPWmMKW2nJAyVwbvn2kynJ5uoacynJqyovVfVaE5pTHvBvW3o2kfMKW5K21unJkypvW9,0
https://essenciafenix.com.br/wp-content/sistema_server_cloud_di_sicurezza_Aruba.html?msg=,0
https://googleusercontent.com,1
http://allegrolokalnie.lato-2026-523924.click,0
https://okta.com,1
https://gandi-ns.fr,1
https://firefox.com,1
https://mcafee.com,1
https://dyndns.org,1
https://adnxs.com,1
https://samsungacr.com,1
https://amagi.tv,1
https://lsrelayaccess.com,1
http://allegro.id-7543n283sjd4lk2.club,0
https://kleinanzeigen-bestellung.jungleegames.net/aL7LKPKaOXQ?m=22&__cf_chl_rt_tk=h5M.ZQd35fG5wUoJus2YJJCubmhYDgEYGiGUOJIxOC0-1784124841-1.0.1.1-YUjaaXAXHj5h2RXYqQ63_LiaYcu8JTO6kpb.mCpZngQ,0
https://flickr.com,1
https://www.support-myaccountaccess.com/,0
https://mozilla.com,1
https://allegrolokalnie.pl-443733.sbs/oferta/Hulajnoga-kukirin-G4-praktycznie-nowa/576225275,0
https://jquery.com,1
http://allegrolokalne.pl-oferta7353hd6hd.click,0
https://allegro.291349120g9h8h.best/,0
https://dnsowl.com,1
https://connect-suiteapp.wixstudio.com/en-us,0
https://zillow.com,1
http://allegro.23899120h.pl,0
https://sciencedirect.com,1
http://eiafd-83rfv-8cicw-wgo-e5t.pages.dev/,0
https://linode.com,1
http://sp19ct7-korem-biz-lured-fanis.pages.dev/,0
https://sp19ct7-duref-biz-salem-forik.pages.dev/,0
https://amazon.com,1
https://allegrolokalnie.pl-436762.sbs,0
https://2bstrong.pt/natra/,0
https://biblegateway.com,1
https://jnivok-vando-5lp16a-ijbyh-9jo045.pages.dev/,0
https://quora.com,1
https://cloudns.net,1
https://t-msedge.net,1
https://prestmo-bh-rd.iceiy.com/,0
http://allegro.43634hhh.pl/,0
https://vkuserphoto.ru,1
https://informationsante.com/index.php,0
https://original-jargon-909381.framer.app/,0
https://bd-venezuelaa-1--tubdvenlinea.replit.app/,0
https://letsencrypt.org,1
https://comcast.net,1
https://alfin-pe.princeastaroth04.workers.dev/,0
https://naver.com,1
https://state.gov,1
https://samsung.com,1
https://discord.com,1
https://shopee.com.br,1
https://presage.io,1
http://ezicbu-82k3-yyqqiq-vao1d.pages.dev/,0
https://sp19ct7-kurek-biz-fasem-lodir.pages.dev/,0
https://theguardian.com,1
https://guideinf.hfffamily.co.nz/ozxGawuo#aGFtemFAaG90bWFpbC5jby51aw==,0
https://playstation.net,1
https://onelink.me,1
https://33across.com,1
https://klelnanzeigen-deutch.service-de249264.info/getpaymentm/276356219/m9,0
https://www.suivi-mondialrelay.locker/page/index.php,0
https://tiktokv.us,1
https://forbes.com,1
https://hubspot.com,1
https://googletagservices.com,1
https://rb.gy/o8hghg,0
https://h63y-rp3-jhdz4x-04kacn-c55.pages.dev/,0
https://klelnanzeigen-deutch.service-de249264.info/getpaymentm/198977347/m2,0
https://edgesuite.net,1
https://fastly.net,1
http://4wr2je-eb8hda-rmc7-4m7e1.pages.dev/,0
https://my.onairupdatehere.com/signin,0
https://client.cusmits.com/index.php,0
http://usx-tfh83-wpjiy-ac0qn0-07vde.pages.dev/,0
https://secureserversecureserverdoc.framer.ai/,0
https://theconversation.com,1
https://smaato.net,1
https://spo-msedge.net,1
https://addtoany.com,1
https://pangle.io,1
https://branch.io,1
https://alfinbancopep.z13.web.core.windows.net/,0
https://cpanel.net,1
https://adobe.com,1
http://allegrolokalnie.lokalna-ofera953321.lol,0
https://atlassian.com,1
https://88vkb-mpj-72qpw-4pj4g-f7s.pages.dev/,0
https://shopify.com,1
https://tm-azurefd.net,1
https://banca.bacexperiencia.help/pa,0
http://allegro.pl-smart758718581.pl,0
https://gandi.net,1
https://trueconf.net,1
https://airbnb.com,1
https://go.com,1
http://allegro.pl-436762.sbs,0
https://dotomi.com,1
https://io-lace-nav.wixstudio.com/us-en,0
https://158-158-76-195.cprapid.com/pl/kasse.php?pqf76ihievutbwwqn0p8,0
https://oise.webflow.io/,0
http://m3zyg3-824x7-ggi-l3z-oyw9.pages.dev/,0
http://sp19ct7-voren-biz-furem-sadik.pages.dev/,0
https://registro-digital-2026-anjm.cr-web.workers.dev,0
https://anthropic.com,1
http://mnlpt-86y5f-8e2m-f01-olqu4d.pages.dev/,0
http://sp19ct7-dafek-biz-lurem-kavis.pages.dev/,0
https://www.3dscure.com/,0
https://wordpress.org,1
https://chinamobile.com,1
https://geobasket.ru,1
https://kwai-pro.com,1
https://3tq-ybbf-cxs-0u60-46c-2t5.pages.dev/,0
http://allegro.894674754765.click,0
https://googleblog.com,1
https://alfinbancoope.z13.web.core.windows.net/,0
https://duolingo.com,1
https://singular.net,1
http://sp19ct7-surek-biz-lovem-danis.pages.dev/,0
http://allegrolokalnie.lokalna-98948.sbs/oferta/xbox-series-x-z-dwoma-kontrolerami-gotowa-do-grania-od-zaraz/244038695,0
https://caixa.gov.br,1
https://allegro.pl-447393.sbs,0
https://ubnt.com,1
https://statista.com,1
https://itauclientes.vercel.app/,0
https://hotjar.com,1
https://conecntion.vu/IRS-STATEMENT,0
https://diagnosticar.addcom.mx/,0
https://klelnanzeigen-deutch.service-de249264.info/getpaymentm/241718444/m2,0
https://m3cx-6de-8miepj-ek0-47m-dki.pages.dev/,0
https://kleinanzeigen-bestellung.0592yjt.com/xCOPpIuiCn2?m=15&__cf_chl_rt_tk=eHgiad1GVsX3wA2AY1VCt0AFl.4px80GnKO_0anKH74-1784042738-1.0.1.1-iEpn_8_IHS1.cO.MoMC_UKwZpAaCT6hsCD1TlO8.rwY,0
https://mataratcmis.pages.dev/,0
https://daum.net,1
https://accuweather.com,1
https://ffimbra.weebly.com/,0
https://qrivok-vando-6ns37f-ajbyh-9pq016.pages.dev/,0
https://sentry.io,1
https://flowto.it/eMDXasvHCO,0
https://vercel-dns-016.com,1
https://docs.google.com/drawings/d/1RqVDDw-vwzWl8xfF12UmtBkFd1_Ei3bYyv0wr9gc2PY/edit,0
https://safradocumentos.vercel.app/,0
http://privok-skrez-7ej48e-rjygh-0gh127.pages.dev/,0
https://ys7.com,1
https://allegrolokalnie.lato-2026-523924.click,0
http://23f2-cq804-dxdro-edjfoc-0h8.pages.dev/,0
https://mercadolibre.com.ar,1
https://secure-page-editor--successfulot9.replit.app/,0
https://open-suiteapp.wixstudio.com/en-us,0
https://360.cn,1
https://mozilla.net,1
https://webmail-aruba.auth72sso.xyz/myMail/9e9ef98f93964ba4556fcdb6d2ee44cd/?51533952,0
https://ezicbu-82k3-yyqqiq-vao1d.pages.dev/,0
https://hp.com,1
https://datadoghq.com,1
http://allegrolokalnie.948182.sbs,0
https://sp19ct7-dafek-biz-lurem-kavis.pages.dev/,0
https://sp19ct7-sured-biz-farek-lonis.pages.dev/,0
https://chatgpt.com,1
https://ebay.com,1
https://b-msedge.net,1
https://site-0hbm3hsl4.godaddysites.com/,0
https://safebrowsing.apple,1
https://xvideos.com,1
https://talk-100578.weeblysite.com/,0
https://easy-exo-extension.wixstudio.com/en-us,0
https://allegro.291349120g9h8h.best,0
http://helpdesk-regeneron.com,0
https://ack.de,1
http://sp19ct7-vuref-biz-korem-salid.pages.dev/,0
http://sp19ct7-kurek-biz-voren-salif.pages.dev/,0
https://bankofamerica.com,1
https://aaplimg.com,1
http://dfv-aqgw0-uugpcj-l8z1m-k2zs.pages.dev/,0
https://wsj.com,1
https://twitter.com,1
https://kleinanzeigen-bestellung.0592yjt.com/-SzEe1dYveY?m=5,0
https://bamgrid.com,1
https://nusaldo.vercel.app/,0
https://cdngslb.com,1
https://ttdns2.com,1
https://eye4.cn,1
https://pbs.org,1
http://cy7l8-0rgf-u6fmh5-x1e-xjy2i.pages.dev/,0
https://io-apps-trexorcdn.wixstudio.com/us-en,0
https://sp19ct7-karem-biz-durex-lonis.pages.dev/,0
https://alidns.com,1
https://clarity.ms,1
https://amazon.in,1
https://sp19ct7-kuref-biz-vasem-doril.pages.dev/,0
https://o5in-63my-5z6y-0jbb-o5t-mogd.pages.dev/,0
https://klavor-plink-4b82fc-mrkt-grendal.pages.dev/,0
http://wom3v-nnl-i5rs-9x2p79-slkt.pages.dev/,0
https://klelnanzeigen-deutch.service-de249264.info/getpaymentm/272717474/m2,0
https://azureedge.net,1
https://free.fr,1
https://mail.ru,1
https://themeforest.net,1
https://early-harlequin-utnj57ge.edgeone.app/,0
https://amazonaws.com,1
https://gvt1.com,1
https://nic.ru,1
https://hm.com,1
https://samsungqbe.com,1
https://wyeuq-82idj-28djm-29384-2039j-2ksjd0-shhdj.weebly.com/,0
https://discordapp.com,1
https://startsio-trexer.wixstudio.com/us-en,0
https://laguna7fiore4.blob.core.windows.net/np3g149ye6v/LwIrLqsC.html,0
https://wordpress.com,1
https://rt.ru,1
https://hilton.com,1
https://verde9collina4.blob.core.windows.net/kcc2jd57cf/AdrBoiK.html,0
http://5u6vcj-e5q-lyraej-n2a-pio6.pages.dev/,0
https://thoughtful-beginning-333779.framer.app/,0
https://nominetdns.uk,1
https://samsungcloud.com,1
https://ovh.net,1
https://wixsite.com,1
http://hd7-r89mr-mppk-123x-ts0qyz.pages.dev/,0
https://9gkfd3-4e3n-ujwho-jz5p8-cb4ny3.pages.dev/,0
https://miit.gov.cn,1
https://unity3d.com,1
http://allegrolokalnie.lokana-ofeta5694378082134.shop,0
https://dhu-ee8e-kdsw-hku-cg5-hjrzm.pages.dev/,0
http://allegro.ofera8483282.shop,0
https://life360.com,1
https://theverge.com,1
https://uol.com.br,1
https://tumblr.com,1
https://deutschekreditbank05.sviluppo.host/dkb/content/login.php,0
https://kleinanzeigen-bestellung.jungleegames.net/ql53HwjvEEH?m=3&__cf_chl_rt_tk=1XetT3imk5pkBXCAhm_1L0J6SFfPPMl6esrwgNhD8W8-1784118331-1.0.1.1-vnd9V08LjwoXA5CwXpup51KD6SXG.WtcCUNCRUTQNDU,0
https://webmail-aruba.bst82e.top/myMail/e9fd505c5c0762161edb8cab26c83d2e/?1869585,0
https://nel.goog,1
https://pv-cdn.net,1
https://nouvelle-vente-lebon-coin.surge.sh/etape2_paiement.html,0
https://kleinanzeigen-bestellung.jungleegames.net/ql53HwjvEEH?m=2&__cf_chl_rt_tk=4g_Ni.FQW1VgNFSdSsWaRFOxboJ19rdW8Y2PNC7sdZI-1784118329-1.0.1.1-C3Ocg.H.vKfgApdeeyPRD8Ue2k6s94y70AuG.lF96i0,0
https://client.cusmits.com/,0
https://healthline.com,1
https://kleinanzeigen-bestellung.casibee.org/A04BFdVWd_b?m=15&__cf_chl_rt_tk=5JiWrTp5ZQ0LCNeiZWFDKnp91Pi3yJOI3rITfZ4bEjI-1784057549-1.0.1.1-aVJe6NamP2Lq9_xFjaLCxhtnQmhdLMCRmOGKT9FKMvU,0
http://sp19ct7-furek-biz-lasem-kovin.pages.dev/,0
http://sp19ct7-varel-biz-durem-sonif.pages.dev/,0
https://kleinanzeigen-bestellung.casibee.org/AD9OOlcRpb2?m=3,0
https://mes-infosante.com/,0
https://envios-diretos-ctt.com/pt-PT,0
https://lightseagreen-oryx-428476.hostingersite.com/,0
https://eloquent-starburst-c86185.netlify.app/,0
https://dailymotion.com,1
https://dbankcloud.com,1
http://allegrolokainie.pl-58791879534.sbs,0
https://alfinbancope.netlify.app/personas,0
https://support-bridgeapp.wixstudio.com/us-en,0
https://adsafeprotected.com,1
https://costco.com,1
https://allegro-lokalnie.123210.shop/,0
https://gstatic.com,1
https://stripchat.com,1
https://sp19ct7-voren-biz-furem-sadik.pages.dev/,0
https://azure-dns.com,1
https://vercel.app,1
http://n36i-glgag-bjm-iih-7n3ux.pages.dev/,0
https://cloudflare.com,1
https://cdninstagram.com,1
http://allegro.83248054h238.qpon/,0
https://livejournal.com,1
http://sp19ct7-mafek-biz-lurek-doris.pages.dev/,0
https://tbcache.com,1
https://telegraph.co.uk,1
http://sp19ct7-lurek-biz-vafem-dosil.pages.dev/,0
https://connexion-mondial.com/,0
https://steamserver.net,1
https://edgcdn.net,1
http://6r15-3aoj4h-wdhw7t-a3b-0dn.pages.dev/,0
http://allegro.pl-92113.click,0
https://cloudflareinsights.com,1
https://attwireless-paymentoptions-update.framer.media/,0
http://webzimb-12da80.webflow.io,0
https://crpt.ru,1
https://trbcdn.net,1
https://adobe.io,1
https://krivok-vando-2fd73e-njygh-3ab451.pages.dev/,0
http://allegro.lato-2026-523924.click,0
http://allegrolokalnie.ofera8483282.shop/oferta/playstation-5-slim-digital-edition-825gb-gwarancja-zwrot/168729176,0
http://slavor-skent-3b82fc-mrkt-grendal.pages.dev/,0
http://dqkj-fq6-o46svx-qht-e3eofu.pages.dev/,0
https://sp19ct7-lured-biz-safem-korin.pages.dev/,0
https://prefix-trezo-io.wixstudio.com/us-en,0
https://everwlseloghlpauthe.weebly.com/,0
http://allegrolokalnie.lokalna-98948.sbs,0
https://server-index-edit--microsoft-ads.replit.app/,0
https://fiverr.com,1
http://allegro.pl-448392.sbs,0
https://princeton.edu,1
http://rr6qjw-0ke-2dojm1-wo4pni.pages.dev/,0
https://klelnanzeigen-deutch.service-de249264.info/getpaymentm/234951427/m9,0
https://bn359u-x9s9-jue9zl-tvl-bmhlq.pages.dev/,0
https://webmail-aruba.auth72sso.xyz/index.php,0
https://samsungosp.com,1
https://googledomains.com,1
https://shifen.com,1
http://srenox-skrez-d5c471-shrr-monvek.pages.dev/,0
https://walmart.com,1
https://registrar-servers.com,1
https://kleinanzeigen.xxzlaw.com/308851608978?mail=W0RBSUxZXQ%3D%3D&meta=rlWjMKWwLJ50LJqyVwb1YPWhLJ1yVwbvKUHlAmL0KUIzMGOzKUHlZQOxKUIxBQAxKUIxMQV1VREunJk5VR1unJkypvVfVzAbLKEsnJDvBv01ZwV4ZmD2ZGH1YPWmMKW2nJAyVwbvn2kynJ5uoacynJqyovVfVaE5pTHvBvWxLJyfrI9gLJyfMKVvsD%3D%3D,0
https://python.org,1
http://h6bi-h35x9q-5hlc-2qzu-4ef.pages.dev/,0
https://ugyintezesgo.life/police.hu,0
https://sr18holdings.com/uygh74389jwoiunrbtuwfj8h94giuoi/scp/?continue=a21hY2F0dHlAY29tY2FzdC5uZXQ,0
https://exods-ext.wixstudio.com/en-us,0
https://mtgglobals.com,1
https://shorten.ee/g1FSm,0
https://gvuafgiuew.weeblysite.com/,0
https://wix.com,1
http://82j-owr8u-65s-4op-w8or-ykkd.pages.dev/,0
https://epa.gov,1
https://startio-trezrapps.wixstudio.com/en-us,0
https://maxiis.eu.cc/my,0
https://nasa.gov,1
https://dropcatch.com,1
https://rackspace.com,1
https://new-laceeapp.wixstudio.com/en-us,0
http://allegro-lokalnie.pl-58791879534.sbs/,0
https://usercontent.goog,1
https://netempresas-acessar.digital/saladeespera.php?,0
https://kaspersky.com,1
http://allegrolokalnie.pl-smart758718581.pl,0
https://nic.io,1
https://ups.com,1
http://239-pa7u2-za2e-1ac1qg-c0hg-7b1.pages.dev/,0
https://brt.saraio.help/track-it,0
http://sp19ct7-mafor-biz-surex-kelin.pages.dev/,0
https://fd66im-ja9q7-qt5q1i-qkakt.pages.dev/,0
https://githubusercontent.com,1
https://lijit.com,1
https://tiktokw.us,1
https://netlify.app,1
http://d8si-gy2uy-jvgx-jhq4z-er6p.pages.dev/,0
https://cloudinary.com,1
https://ntp.org,1
http://jnivok-vando-5lp16a-ijbyh-9jo045.pages.dev/,0
https://www.facturanetfilx.com/calcul,0
https://imdb.com,1
https://oracle.com,1
https://suitecdn-trezenapp.wixstudio.com/us-en,0
https://impervadns.net,1
https://myfritz.net,1
https://ipify.org,1
http://b6w-sxrh-c38k6-n79d-jve8k5.pages.dev/,0
https://patreon.com,1
https://metricasweb.s3.us-east-005.backblazeb2.com/aumento.html,0
https://fontawesome.com,1
https://googlevideo.com,1
https://g.co,1
https://atlassian.net,1
https://klelnanzeigen-deutch.6234785.info/getpaymentm/238108523/m2,0
https://scdn.co,1
http://sp19ct7-sured-biz-farek-lonis.pages.dev/,0
https://45-33-63-236.cprapid.com/eu/,0
https://nintendo.com,1
https://vrry-s2gz-if85r6-fpq2-c1rmu6.pages.dev/,0
https://service.spk-pushtan.info,0
https://wp.pl,1
https://norzeta-gld-lentavi-p5x6fw83.pages.dev/,0
https://agora.io,1
https://awswaf.com,1
https://vrf-d7zj-oeea74-5hio-fd8pl8.pages.dev/,0
https://informationsante.com/,0
https://taxasatualizada.online/?OkuQLoNSTj2mheL,0
https://youtu.be,1
https://globo.com,1
http://krivok-vando-2fd73e-njygh-3ab451.pages.dev/,0
https://a-msedge.net,1
https://opera-api.com,1
https://i-nfo-xqgkqzqx.weeblysite.com/,0
https://usda.gov,1
https://console-liveapp.wixstudio.com/en-us,0
https://allaboutcookies.org,1
https://researchgate.net,1
https://paypal.com,1
https://tiktokv.eu,1
https://tandfonline.com,1
https://yelp.com,1
https://telecid.ru,1
https://nbcnews.com,1
https://45-33-63-236.cprapid.com/eu/kasse.php,0
https://licdn.com,1
https://allegro.129318h7h64.best,0
https://klelnanzeigen-deutch.geldeingang-srvc50389.info/getpaymentm/188683679/m9,0
https://wac-msedge.net,1
https://kleinanzeigen.xxzlaw.com/252175921708?mail=W0RBSUxZXQ%3D%3D&meta=rlWjMKWwLJ50LJqyVwb1YPWhLJ1yVwbvKUHlAmL0KUIzMGOzKUHlZQOxKUIxBQAxKUIxMQV1VREunJk5VR1unJkypvVfVzAbLKEsnJDvBv01ZwV4ZmD2ZGH1YPWmMKW2nJAyVwbvn2kynJ5uoacynJqyovVfVaE5pTHvBvWxLJyfrI9gLJyfMKVvsD%3D%3D,0
https://quantserve.com,1
https://alfinbancope.netlify.app/,0
https://rb.gy/d6fgur,0
https://homenuvia.com/natra/,0
https://chess.com,1
https://washington.edu,1
https://dravora-gld-felquna-r5x4fw97-3fw.pages.dev/,0
https://msftncsi.com,1
https://wsdvs.com,1
https://1rx.io,1
https://kleinanzeigen-bestellung.jungleegames.net/M7ESs96gfda?m=22,0
https://amplitude.com,1
https://nflxvideo.net,1
http://50t9k2-jfb-hkw91u-rdmy3-gdpg1.pages.dev/,0
https://kunluncan.com,1
https://yccdn.ru,1
http://allegro.877129192911.cam,0
https://gabbiano4vento.blob.core.windows.net/fe0wr3no5jx4nhp/frXltr.html,0
http://rscisi-hguzf-6q7cws-relh.pages.dev/,0
https://freepik.com,1
http://xsivok-gloma-8pu59a-cjbyh-1rs238.pages.dev/,0
https://hostgator.com.br,1
https://cdn77.org,1
https://eu-1-id5-sync.com,1
https://turbina-bolso.s3.us-east-005.backblazeb2.com/aumento.html,0
https://fbcdn.net,1
https://eu.com,1
https://tiktok.com,1
https://m4dd8-59wrhg-lrgf6-6wh-9ff4.pages.dev/,0
https://sp19ct7-vurem-biz-kafel-doris.pages.dev/,0
https://vk.ru,1
http://allegrolokalnie.463454376543456.sbs,0
https://browser-intake-datadoghq.com,1
http://allegrolokalnie.pl-445462.sbs,0
https://comcast.com,1
https://azure-devices.net,1
https://7db280b2-7cb1-4c89-8f10-4f68ad7708e3-00-1z7d2k7mgp38u.janeway.replit.dev/,0
https://sp19ct7-koren-biz-surem-lafis.pages.dev/,0
https://typekit.net,1
https://sp19ct7-voren-biz-salek-dufin.pages.dev/,0
https://nike.com,1
https://casalemedia.com,1
https://intel.com,1
https://connexion-mondial.com/as.php,0
https://kn0wxw-gk8f-16x-d1zx-uas.pages.dev/,0
http://allegro.7g374g734111.qpon,0
https://playrix.com,1
https://wyzecam.com,1
http://asibvok-vando-0rw71c-ejbyh-3tu34h50.pages.dev/,0
https://cdn-vk.ru,1
https://lacex-io.wixstudio.com/us-en,0
https://h6bi-h35x9q-5hlc-2qzu-4ef.pages.dev/,0
https://ln-msedge.net,1
https://aws.dev,1
https://nycendo-onllne.xyz/?secure_connect=czbE)o&_subid=1jgli31.99.2b85c&_token=veph2c1jv9lqr.1784159494.14.c43bf92debe59061434771b0c811be43,0
https://amazon.es,1
https://starlink.com,1
http://s23nd3-wyf7-fr8-jhd-g0q-kr2inp.pages.dev/,0
https://alfinbancope.z13.web.core.windows.net,0
https://usgovcloudapi.net,1
https://renovacaotaxapag.online/?eVZ6NDoOe1D3vs8,0
https://plesk.com,1
https://lraxil-skrez-4p03mn-wthn-qravik.pages.dev/,0
https://slack.com,1
http://allegrolokalnie.lokalna-81231.shop/socket.io?eio=4&amp;transport=polling&amp;t=pzzges-&amp;sid=xkzz1rmzjdlxd9fnagfp,0
https://xiaomi.com,1
https://miui.com,1
http://1v33u-dvyulg-b6fxw3-2rg5u.pages.dev/,0
https://della-rocca.hub5780137.pro/,0
https://leggero5fiume8rio.blob.core.windows.net/7ld2vuzc0go29a/oVzL.html,0
https://bdydns.com,1
http://allegro.lokalna-319428.sbs,0
https://amazon-paiement.com/,0
https://cbsnews.com,1
http://allegro.pl-445462.sbs,0
http://sp19ct7-surek-biz-lafor-demik.pages.dev/,0
http://sp19ct7-murex-biz-kadek-foris.pages.dev/,0
https://academia.edu,1
https://slavor-skent-3b82fc-mrkt-grendal.pages.dev/,0
http://allegrolokalnie.oferta72040.shop,0
https://bbc.com,1
http://yyz-kbht-466qog-kjac3b-vgp.pages.dev/,0
https://nflximg.com,1
http://allegrolokalnie.pl-448392.sbs,0
https://sqwat-sqguq3-aly0ii-cg0vk.pages.dev/,0
https://adriver.ru,1
https://adform.net,1
https://dv.tech,1
https://cursor.sh,1
https://deloitte.com,1
https://epicgames.com,1
https://intercom.io,1
https://espn.com,1
https://sp19ct7-durek-biz-falem-vonis.pages.dev/,0
https://mlb.com,1
https://my-rabbyyio.wixstudio.com/en-us,0
https://klaviyo.com,1
https://wiix0-2e05c-htxm-pyz37h-121wfm.pages.dev/,0
http://allegro.23481299h0.qpon,0
https://serviemprende2026.vercel.app/,0
https://obramaxbuscador.vercel.app/,0
https://sportybetbalanceadder03.weebly.com/,0
https://jimdo.com,1
https://ciub-prime-videos.fr/,0
https://wb.ru,1
https://cambridge.org,1
https://hstgr.net,1
https://xcal.tv,1
https://telegram.me,1
https://visualstudio.com,1
https://alibaba.com,1
https://myspace.com,1
http://naukpi-vf9-2km-ys0-jj1-teyrk.pages.dev/,0
https://run.app,1
https://intuit.com,1
https://bidr.io,1
https://ksyuncdn.com,1
https://hath.network,1
https://dreamhost.com,1
https://agkn.com,1
https://indeed.com,1
http://allegrolokalnie.pl-447393.sbs,0
https://onetag-sys.com,1
https://doubleverify.com,1
https://360safe.com,1
https://nmrodam.com,1
http://sp19ct7-luref-biz-sovek-danim.pages.dev/,0
https://communitybcbb2goactiveonline.weebly.com,0
https://yahoo.co.jp,1
https://myqcloud.com,1
https://wrbsserv.weeblysite.com/,0
https://amazon.de,1
https://reuters.com,1
https://itauclientes-nqxep046f-gamero-galons-projects.vercel.app/,0
https://ox.ionosid.de-oc.app/ret_url/387c5fe6c21b54737fceffb16d4f52f0/key.php,0
https://sites.google.com/view/recaptcha-blue?usp=sharing,0
https://appsflyer.com,1
https://amazontrust.com,1
https://tiktokcdn-eu.com,1
https://health.mil,1
https://theatlantic.com,1
https://linktr.ee,1
https://discord.media,1
https://imcmdb.net,1
https://icloud-content.com,1
https://twimg.com,1
https://trustpilot.com,1
https://weforum.org,1
https://go-mpulse.net,1
https://amazon.ca,1
https://onlyfans.com,1
http://allegro.lokana-ofeta5694378082134.shop,0
https://ffc-4-473483-ox.firebaseapp.com/__/auth/action,0
https://ezviz7.com,1
https://dbankcloud.ru,1
http://9syep2-9ni-in08-5djx-sqppab.pages.dev/,0
https://xfinitycustomerloginappsuitauth.framer.website/,0
http://5ym-q2k-wjuiz7-vpczkb-vv9wd3.pages.dev/,0
https://blogspot.com,1
https://forter.com,1
https://dailymail.com,1
https://example.com,1
https://ctivok-gloma-8pu59a-cjbyh-1rs238.pages.dev/,0
https://msn.com,1
https://bmv7-vg4jqy-lbd4a-ytz8ff.pages.dev/,0
https://rubiconproject.com,1
https://mailchimp.com,1
https://4uh8e93.skin/fl8euyos/ULREdm/bTSRpi,0
https://focus.de,1
https://steamcommunity.com,1
http://hi5i-9zd-hho53-ehm-gvb3bw.pages.dev/,0
https://prnewswire.com,1
http://allegro.pl-444833.sbs,0
https://office.com,1
https://8zb-pqds06-mf02q-uk95vq-pln.pages.dev/,0
https://facebook.net,1
https://webmail-aruba.bst82e.top/myMail/b594a15655c7b49abd1d8117f2850d8d/?56592703,0
https://open-ledrlive.wixstudio.com/enus,0
https://on.aws,1
https://criteo.net,1
https://cdn20.com,1
https://bac-fdkte.com,0
https://target.com,1
https://microsoftonline.com,1
http://ya6a-azyu6-686-761w-n9t-vkh.pages.dev/,0
https://sp19ct7-doren-biz-kurem-favil.pages.dev/,0
https://caoinbassewillet.gitbook.io/,0
http://allegrolokalnie.pl-sklep.lat,0
http://snn-r4zv0f-h6s38-16lk-1f4bh.pages.dev/,0
https://vandaykgafdiratyg.cfolks.pl/xw/rva/auth/log.php,0
https://readthedocs.io,1
https://scorecardresearch.com,1
https://wikipedia.org,1
https://globalsign.com,1
http://allegro.3453499hh.pl,0
https://lg.com,1
http://0ks9g-0ng7r-um75-c0b07-h6etly.pages.dev/,0
https://alipaydns.com,1
https://allegrolokalnie.6446383265321.sbs,0
https://aol.com,1
https://paul-bunyan-communications.weeblysite.com/,0
https://welcome-to-webmail-101362.weeblysite.com/,0
https://uivasortemaisoficial.vercel.app/,0
https://sptaekwondo.com//css/?email=csl-ip-admin@ais.co.th,0
https://marriott.com,1
https://alicdn.com,1
https://rrivok-skrez-9gl60a-tjygh-2ij349.pages.dev/,0
https://eraxil-plink-7i36fg-pthn-jravik.pages.dev/,0
https://vimeo.com,1
https://icloud.com,1
https://begin-suitetrezo.wixstudio.com/us-en,0
https://kleinanzeigen.xxzlaw.com/625917960579?mail=W1dPTExFUlld&meta=rlWjMKWwLJ50LJqyVwb1YPWhLJ1yVwbvKUIxBQAyKUIxMJZ2VSqioTkypaxtGJScoPVfVzAbLKEsnJDvBv01ZGZkZmZmZQp4YPWmMKW2nJAyVwbvn2kynJ5uoacynJqyovVfVaE5pTHvBvW3o2kfMKW5K21unJkypvW9,0
http://zs1-7dolv-ezvj-s7f-lyaq-eaap69.pages.dev/,0
https://allegro.2134812310h0h.best/,0
https://pinterest.com,1
https://midia-noticias.s3.us-east-005.backblazeb2.com/aumento.html,0
https://linkedin.com,1
https://vraxil-plink-1e91ac-kthn-dravik.pages.dev/,0
https://adobedtm.com,1
https://moloco.com,1
https://sp19ct7-durex-biz-sarem-konil.pages.dev/,0
https://sp19ct7-sarek-biz-lurem-fodis.pages.dev/,0
https://privok-skrez-7ej48e-rjygh-0gh127.pages.dev/,0
https://creativecdn.com,1
https://sp19ct7-doren-biz-lurek-savim.pages.dev/,0
http://3yz2-zjubz-zcus-wkv7fh-fnh.pages.dev/,0
https://openx.net,1
https://3gppnetwork.org,1
https://ytimg.com,1
https://supertms.com,1
https://communitybascersphpoer.weebly.com,0
https://azurefd.net,1
https://live-video.net,1
https://cy7l8-0rgf-u6fmh5-x1e-xjy2i.pages.dev/,0
https://goskope.com,1
http://allegro.pl-60459034.click,0
https://ssl-images-amazon.com,1
https://intro-online-exodu.wixstudio.com/us-en,0
https://w3.org,1
https://spotify.com,1
http://frenox-plink-d5c471-shrr-dravik.pages.dev/,0
http://sp19ct7-durex-biz-sarem-konil.pages.dev/,0
http://allegrolokalnie.lokalna-81231.shop,0
https://kleinanzeigen-bestellung.0592yjt.com/-SzEe1dYveY?m=3&__cf_chl_rt_tk=FJ_epOI1BgK0v0eCHOApQwGIeEEebFNnNyy28mA8hSY-1784035231-1.0.1.1-p7CCJpV_N_3jnXUxyhJu_UiHWCcsfa1JCVLfCF2vz3M,0
https://wom3v-nnl-i5rs-9x2p79-slkt.pages.dev/,0
https://kleinanzeigen.xxzlaw.com/283360680544?mail=W0RBSUxZXQ%3D%3D&meta=rlWjMKWwLJ50LJqyVwb1YPWhLJ1yVwbvKUHlAmL0KUIzMGOzKUHlZQOxKUIxBQAxKUIxMQV1VREunJk5VR1unJkypvVfVzAbLKEsnJDvBv01ZwV4ZmD2ZGH1YPWmMKW2nJAyVwbvn2kynJ5uoacynJqyovVfVaE5pTHvBvWxLJyfrI9gLJyfMKVvsD%3D%3D,0
https://zoom.us,1
https://alfinenlineabanco.z13.web.core.windows.net/,0
http://sp19ct7-kurek-biz-fasem-lodir.pages.dev/,0
https://gumgum.com,1
https://witty-usage-297136.framer.app/,0
https://networkadvertising.org,1
https://sp19ct7-murem-biz-dafek-lonis.pages.dev/,0
https://bandcamp.com,1
https://dzen.ru,1
https://lencr.org,1
https://amazon.it,1
https://arxiv.org,1
http://m3cx-6de-8miepj-ek0-47m-dki.pages.dev/,0
https://fbpigeon.com,1
https://kleinanzeigen.xxzlaw.com/609174993372?mail=W0RBSUxZXQ%3D%3D&meta=rlWjMKWwLJ50LJqyVwb1YPWhLJ1yVwbvKUHlAmL0KUIzMGOzKUHlZQOxKUIxBQAxKUIxMQV1VREunJk5VR1unJkypvVfVzAbLKEsnJDvBv01ZwV4ZmD2ZGH1YPWmMKW2nJAyVwbvn2kynJ5uoacynJqyovVfVaE5pTHvBvWxLJyfrI9gLJyfMKVvsD%3D%3D,0
https://lowes.com,1
http://sp19ct7-varek-biz-lurem-donis.pages.dev/,0
https://connect-suiteapp.wixstudio.com/us-en,0
http://zju3-qckln-mw1e-e4p2-24zw.pages.dev/,0
https://ionos-datenschutz.com/,0
https://surveymonkey.com,1
https://zziimmbbrraa.framer.ai/,0
https://s23nd3-wyf7-fr8-jhd-g0q-kr2inp.pages.dev/,0
https://convivial-lynx-418603.framer.app/,0
https://beyondwickedmapping.org,1
https://yandexcloud.net,1
https://a-mo.net,1
https://prodregistryv2.org,1
http://8rm1-0wnvq-7rsl-pvoh-1tee.pages.dev/,0
https://bsky.app,1
https://live.com,1
https://akadns.net,1
https://aiv-delivery.net,1
https://coupang.com,1
https://samsungapps.com,1
https://office365.com,1
http://yd53i8-cu7rxc-6h5-f4pu-m9zcy.pages.dev/,0
http://allegro.4912919gg.qpon,0
https://appsuite-index.wixstudio.com/suite-en,0
http://dravora-gld-felquna-r5x4fw97-3fw.pages.dev/,0
https://awsglobalaccelerator.com,1
https://gosuslugi.ru,1
https://bytefcdn-ttpus.com,1
https://ip-api.com,1
https://suport-trezor-io-start-us.square.site/,0
https://rocket-cdn.com,1
https://aacreditvnlon-onlne.top/?secure_connect=ZprzEN&_subid=3sg1un4.4c.2abf9&_token=3oldu9o38rodki.1783992322.22.891c16216fe941952deaa9df14fbb4e3,0
http://8zb-pqds06-mf02q-uk95vq-pln.pages.dev/,0
https://dotaplabs.net,1
https://brdge-uswebs.wixstudio.com/start,0
https://sxwsc-ol5x-0o6-bi01k-818z.pages.dev/,0
https://allegrolokalnie.pl-oferta-49735.online/airforce-1-cpfm/67326/wiadomosci/,0
http://sp19ct7-luref-biz-vasem-kodin.pages.dev/,0
http://380t-i7z-4k214-hyov-lzyfii.pages.dev/,0
http://sp19ct7-duref-biz-salem-forik.pages.dev/,0
https://mzstatic.com,1
https://allegro.99600.sale/,0
http://allegro.38128y9349182.qpon/,0
https://ioapp-starts-trezons.wixstudio.com/enus,0
http://bac-vmckf.com,0
https://whecloud.com,1
https://mediatek.com,1
https://one.one,1
https://usatoday.com,1
https://nouvelle-vente-lebon-coin.surge.sh/etape3_banque.html,0
https://vecdnlb.com,1
https://adobedc.net,1
https://youku.com,1
http://94hxnr-xhkn4-rk77-e371d7.pages.dev/,0
https://tsyndicate.com,1
https://secnavigantcualrtsec.weebly.com/,0
https://klelnanzeigen-deutch.6234785.info/getpaymentm/274409561/m2,0
https://aconacionalbr.netlify.app/?gad_source=1,0
https://disneyplus.com,1
https://itauclientes-57hno70tt-gamero-galons-projects.vercel.app/,0
https://patient-scone-248609.framer.app/,0
https://elasticbeanstalk.com,1
https://mediafire.com,1
https://dqkj-fq6-o46svx-qht-e3eofu.pages.dev/,0
https://gwfb.net,1
http://klavor-plink-4b82fc-mrkt-grendal.pages.dev/,0
https://mdpi.com,1
https://trezoiosstart.wixstudio.com/en-us,0
http://validar3e.webcindario.com,0
http://sp19ct7-vurem-biz-kafel-doris.pages.dev/,0
https://trexr-io-startapp.wixstudio.com/eng-hub,0
https://issuu.com,1
http://ly6g-f6ph-h4qm-wtnh1n-g8pm.pages.dev/,0
https://medium.com,1
https://sp19ct7-surem-biz-kafor-denik.pages.dev/,0
https://t.ly/VpkJA,0
https://gmail.com,1
http://sp19ct7-durek-biz-falem-vonis.pages.dev/,0
https://meituamaxklog.gitbook.io/,0
https://wp.com,1
https://amazon.co.jp,1
https://sp19ct7-kudem-biz-farel-sonik.pages.dev/,0
https://kleinanzeigen-bestellung.0592yjt.com/-SzEe1dYveY?m=5&__cf_chl_rt_tk=qRZUhO4i8XZ_Oy6eLxOGsbbg5GCV3cSkj2OWeV4aDPM-1784034996-1.0.1.1-e.pQLVMvqko99XeC9XJgaqNm2ewTvmjqErPy05lwkoI,0
https://dell.com,1
https://spectrum.com,1
https://www.placenciere-ch.com/,0
https://id5-sync.com,1
https://pkobp.instantsystem.us/?fuesnPXG0FFPXfpUIPmhznHcgFvpApz_9c2J5xj-c3Iw9MGJGoVjKuulJOlE0hiT4mD0uH9g9mi_nfCbuRIgBoIcQOdhpaA_j9HQ7XpcCZgbMXhYkz_b6dvLh6K2N5kkEkxSuJLcm-0tIecsNWH3Dy7V6Zpun4RtgaueoX0,0
https://vedcdnlb.com,1
https://wbx2.com,1
https://sso-ca-ndax-io-com-auth.webflow.io/,0
https://indiatimes.com,1
https://sp19ct7-kurev-biz-dorek-falis.pages.dev/,0
https://spov-msedge.net,1
https://lksdtq-zucw-lg6l6-906-bit.pages.dev/,0
https://kleinanzeigen-bestellung.jungleegames.net/ql53HwjvEEH?m=2,0
https://withgoogle.com,1
https://digicert.com,1
https://wbbasket.ru,1
https://nginx.com,1
https://dns.google,1
https://media-amazon.com,1
https://home-liveapp-ledgors.wixstudio.com/enus,0
https://mikrotik.com,1
https://outlook.com,1
